household_agi,household_size,filing_status,household_weight,rebate_ptv,rebate_ptv_base
144016.875,1,single,68.47725,0.0,1565.0
0.0,2,mfj,58.053474,2115.0,2115.0
15342.857421875,1,single,1158.0494,1565.0,1565.0
238492.3828125,5,mfj,34.674084,0.0,3765.0
53323.453125,2,mfj,179.794,0.0,2115.0
21768.951171875,4,single,9103.988,3215.0,3215.0
55729.66995239258,4,mfj,721.06647,1714.0660095214846,3215.0
68997.375,3,single,37.453564,0.0,2665.0
59662.4765625,2,mfj,2451.9146,0.0,2115.0
46149.89453125,3,single,909.80035,1430.0210937499999,2665.0
99186.41015625,7,mfj,345.5293,0.0,4865.0
38651.44921875,1,single,427.80157,0.0,1565.0
31227.572265625,1,single,1757.5211,14.485546874999999,1565.0
46552.47802734375,4,mfj,669.6472,3215.0,3215.0
115096.7578125,4,mfj,0.20397861,0.0,3215.0
47142.85546875,3,single,1046.4047,1231.42890625,2665.0
40618.6328125,1,single,925.53894,0.0,1565.0
62858.18945312499,8,mfj,644.0858,4865.0,4865.0
7412.1982421875,1,single,1.775945,1565.0,1565.0
106656.6640625,2,mfj,0.8210575,0.0,2115.0
178594.8125,4,mfj,60.12606,0.0,3215.0
51346.0,4,mfj,1.9518774,2590.8,3215.0
85546.2236328125,5,mfj,261.81442,0.0,3765.0
0.0,1,single,770.2476,1565.0,1565.0
87949.3984375,3,mfj,108.690765,0.0,2665.0
37088.6328125,3,single,321.92502,2665.0,2665.0
68968.7734375,1,single,190892.23,0.0,1565.0
68665.248046875,2,mfj,174.76369,0.0,2115.0
20929.814453125,2,mfj,215.94893,2115.0,2115.0
257962.625,2,mfj,552.61694,0.0,2115.0
20952.380859375,2,mfj,1.5553545,2115.0,2115.0
64962.0234375,1,single,0.28919908,0.0,1565.0
31428.572265625,4,single,9.300734,3215.0,3215.0
0.0,1,single,0.44533038,1565.0,1565.0
60066.39843749999,4,single,192.24362,846.7203125000013,3215.0
15050.2451171875,1,single,106092.51,1565.0,1565.0
151907.953125,4,single,318.16025,0.0,3215.0
216486.15869140625,3,mfj,3.4720566,0.0,2665.0
0.0,2,mfj,1222.0426,2115.0,2115.0
57797.4296875,1,single,301.01465,0.0,1565.0
51551.46875,1,single,26.514448,0.0,1565.0
3314.57568359375,3,mfj,343.24265,2665.0,2665.0
170920.0625,2,mfj,3.7106287,0.0,2115.0
39047.359375,3,mfj,814.7103,2665.0,2665.0
128614.3515625,2,mfj,239.55957,0.0,2115.0
24408.4765625,1,single,1860.461,1378.3046875,1565.0
16608.380859375,6,single,4721.708,4315.0,4315.0
44374.5703125,2,single,37453.684,0.0,2115.0
55770.187622070305,8,mfj,1069.5172,4865.0,4865.0
20479.98828125,4,mfj,398.5712,3215.0,3215.0
52912.05078125,3,single,7909.3804,77.58984375,2665.0
1261379.509765625,4,mfj,137.07246,0.0,3215.0
59460.8203125,2,mfj,2085.4297,0.0,2115.0
114593.49609375,3,single,310.46683,0.0,2665.0
6333.33349609375,1,single,154869.61,1565.0,1565.0
64952.3828125,2,mfj,493.66562,0.0,2115.0
24684.876953125,1,single,846.49805,1323.024609375,1565.0
112890.68798828125,5,single,18.473707,0.0,3765.0
144715.046875,2,mfj,282.18634,0.0,2115.0
0.0,1,single,62.14043,1565.0,1565.0
21562.2861328125,4,mfj,1178.147,3215.0,3215.0
92955.828125,1,single,0.045315895,0.0,1565.0
4817.14306640625,4,single,183.82866,3215.0,3215.0
105542.921875,2,mfj,6.8879547,0.0,2115.0
346628.0,5,mfj,304.78607,0.0,3765.0
270072.09375,8,mfj,167.36208,0.0,4865.0
187114.421875,5,mfj,2102.6829,0.0,3765.0
102328.09765625,2,mfj,47693.484,0.0,2115.0
34499.6953125,3,mfj,85166.14,2665.0,2665.0
83468.39062500001,4,mfj,442.64206,0.0,3215.0
12371.4287109375,1,single,490.79343,1565.0,1565.0
35904.76171875,3,mfj,131.68205,2665.0,2665.0
9276.7109375,3,mfj,758.1836,2665.0,2665.0
60010.109375,1,single,8173.9336,0.0,1565.0
8607.859375,2,mfj,2.2021565,2115.0,2115.0
191349.109375,1,single,215511.53,0.0,1565.0
31312.281982421875,2,mfj,1770.3824,2115.0,2115.0
98966.255859375,2,mfj,69180.51,0.0,2115.0
54593.16796875,2,mfj,1.4400218,0.0,2115.0
14.575576782226562,1,single,49.85779,1565.0,1565.0
96343.533203125,6,mfj,77.72423,0.0,4315.0
63854.78125,3,mfj,789.6187,0.0,2665.0
31829.419921875,2,mfj,110.76755,2094.1160156250003,2115.0
596282.375,3,mfj,533.8872,0.0,2665.0
97473.015625,2,mfj,0.6383104,0.0,2115.0
0.7287788391113281,1,single,215879.14,1565.0,1565.0
103637.90625,3,mfj,28.469713,0.0,2665.0
91781.5546875,3,mfj,4.777098,0.0,2665.0
105585.7109375,1,single,230.53053,0.0,1565.0
103383.90625,2,mfj,15.779268,0.0,2115.0
223607.8190383911,2,mfj,241.48474,0.0,2115.0
26440.57421875,2,mfj,257.3499,2115.0,2115.0
1208.293701171875,1,single,252.12471,1565.0,1565.0
233760.84375,3,single,25.86067,0.0,2665.0
113729.0859375,4,mfj,9.209266,0.0,3215.0
96482.640625,2,mfj,280.34247,0.0,2115.0
47103.0703125,5,mfj,690.63055,3765.0,3765.0
56993.568359375,3,mfj,462.691,0.0,2665.0
345298.09375,2,mfj,0.05627936,0.0,2115.0
0.0,1,single,0.34439966,1565.0,1565.0
12571.4287109375,1,single,82.16367,1565.0,1565.0
384275.6875,1,single,427.66068,0.0,1565.0
41915.1796875,3,mfj,1394.6986,2276.9640625,2665.0
183583.015625,1,single,2.2058437,0.0,1565.0
0.0,3,mfj,6.284349,2665.0,2665.0
204293.453125,1,single,264.2267,0.0,1565.0
161288.265625,1,single,224.68115,0.0,1565.0
41585.408203125,3,mfj,780.19824,2342.918359375,2665.0
969592.375,5,mfj,537.2496,0.0,3765.0
108492.453125,2,mfj,326.37866,0.0,2115.0
125189.4921875,1,single,460.30344,0.0,1565.0
31428.572265625,1,single,2788.158,0.0,1565.0
43485.64453125,3,mfj,96.55669,1962.87109375,2665.0
324975.5859375,3,mfj,12.014449,0.0,2665.0
8486.2001953125,2,mfj,449.4088,2115.0,2115.0
115374.15625,2,mfj,311.34747,0.0,2115.0
74005.98974609375,5,single,1177.2294,258.80205078125,3765.0
33523.81005859375,3,mfj,73.48695,2665.0,2665.0
563084.83203125,3,mfj,147.12839,0.0,2665.0
74054.625,2,mfj,533.188,0.0,2115.0
41904.76171875,4,single,516.4885,3215.0,3215.0
16761.904296875,3,single,4887.078,2665.0,2665.0
0.0,1,single,2274.578,1565.0,1565.0
58408.53125,1,single,449.27917,0.0,1565.0
0.0,1,single,541.7724,1565.0,1565.0
55844.62890625,5,mfj,187.43814,3765.0,3765.0
314293.3125,3,mfj,0.9324645,0.0,2665.0
58192.609375,3,mfj,1113.1888,0.0,2665.0
22497.37109375,2,mfj,1.2475004,2115.0,2115.0
24792.72265625,1,single,6658.277,1301.45546875,1565.0
41603.64453125,4,mfj,932.47815,3215.0,3215.0
125349.8203125,1,single,1641.43,0.0,1565.0
117857.451171875,3,mfj,5917.5566,0.0,2665.0
44432.77734375,2,mfj,169.13554,0.0,2115.0
0.7287788391113281,1,single,863.38464,1565.0,1565.0
15798.76171875,5,single,1573.8939,3765.0,3765.0
138366.328125,2,mfj,34.95702,0.0,2115.0
40489.546875,1,single,367.58398,0.0,1565.0
196742.7109375,3,mfj,187.9022,0.0,2665.0
180954.75,1,single,11.198361,0.0,1565.0
181104.015625,1,single,178271.33,0.0,1565.0
75497.78125,2,mfj,632.7382,0.0,2115.0
42042.56213760376,3,mfj,1276.3973,2251.4875724792482,2665.0
50154.063232421875,5,single,98.397934,3765.0,3765.0
62857.14453125,3,mfj,2364.0627,0.0,2665.0
46738.8828125,5,mfj,103215.78,3765.0,3765.0
51378.328125,1,single,14872.607,0.0,1565.0
95655.328125,2,mfj,992.8001,0.0,2115.0
85275.74609375,2,mfj,0.009437118,0.0,2115.0
1668275.46875,2,mfj,128.52414,0.0,2115.0
19747.90234375,1,single,82.820915,1565.0,1565.0
26533.333984375,1,single,903.5156,953.3332031250001,1565.0
26651.111328125,2,mfj,191361.58,2115.0,2115.0
171399.640625,1,single,590.0026,0.0,1565.0
102.02903747558594,3,mfj,104.62913,2665.0,2665.0
365059.203125,2,mfj,154.15535,0.0,2115.0
38743.32373046875,7,mfj,110.96071,4865.0,4865.0
11920.10546875,1,single,2.6701622,1565.0,1565.0
152730.078125,2,mfj,161.59538,0.0,2115.0
405803.16796875,3,mfj,33019.992,0.0,2665.0
0.0,1,single,18.12796,1565.0,1565.0
82605.49609375,2,mfj,0.021811312,0.0,2115.0
0.0,1,single,272.9556,1565.0,1565.0
232579.322265625,2,mfj,665.6629,0.0,2115.0
11005.1015625,1,single,8779.785,1565.0,1565.0
152171.345703125,8,mfj,5.215231,0.0,4865.0
302999.625,2,mfj,2.5522776,0.0,2115.0
181453.34204101562,6,mfj,37945.734,0.0,4315.0
89885.359375,1,single,628.24164,0.0,1565.0
256945.953125,2,mfj,266.03036,0.0,2115.0
36666.66796875,1,single,4155.813,0.0,1565.0
119539.1171875,2,mfj,115.90024,0.0,2115.0
220355.296875,2,mfj,261.91617,0.0,2115.0
85777.6171875,2,single,87.25922,0.0,2115.0
247406.28125,2,mfj,5.03506,0.0,2115.0
487807.0625,1,single,145505.95,0.0,1565.0
34777.00927734375,3,mfj,855.86224,2665.0,2665.0
27238.095703125,5,mfj,271111.06,3765.0,3765.0
44665.9143371582,4,mfj,0.53066623,3215.0,3215.0
242999.265625,1,single,82079.26,0.0,1565.0
235904.890625,3,mfj,402.579,0.0,2665.0
84776.125,3,mfj,0.7561912,0.0,2665.0
112706.92578125,2,mfj,9.412352,0.0,2115.0
163377.1171875,4,mfj,436.9988,0.0,3215.0
75871.0234375,2,mfj,282.19818,0.0,2115.0
60416.2314453125,5,single,2001.2927,2976.7537109375,3765.0
36666.3984375,1,single,0.4900165,0.0,1565.0
179288.40625,3,mfj,181.01704,0.0,2665.0
0.0,1,single,42.958313,1565.0,1565.0
504131.4375,2,mfj,11384.447,0.0,2115.0
181101.453125,4,mfj,24.521177,0.0,3215.0
481780.53125,2,mfj,1333.0581,0.0,2115.0
166535.875,3,mfj,423000.7,0.0,2665.0
47357.5703125,4,mfj,51.50447,3215.0,3215.0
260494.72265625,4,mfj,241.39392,0.0,3215.0
29428.572265625,2,single,1848.3275,2115.0,2115.0
73670.599609375,4,single,539.0975,0.0,3215.0
35469.58203125,2,mfj,576.9219,1366.0835937499999,2115.0
95162.2578125,7,mfj,517.3781,427.54843750000003,4865.0
96380.953125,5,mfj,238.01875,0.0,3765.0
48190.4765625,1,single,25342.72,0.0,1565.0
16238.095703125,1,single,704.85986,1565.0,1565.0
21862.76171875,1,single,1453.4777,1565.0,1565.0
60605.7734375,3,mfj,6868.965,0.0,2665.0
74670.71875,3,single,151.20085,0.0,2665.0
269595.375,2,mfj,2.311765,0.0,2115.0
114118.859375,3,mfj,143792.94,0.0,2665.0
63752.2578125,2,mfj,79.27705,0.0,2115.0
260120.78125,1,single,819.9075,0.0,1565.0
0.0,4,single,16.771807,3215.0,3215.0
31588.904296875,1,single,153.67735,0.0,1565.0
171746.96875,2,single,1870.3593,0.0,2115.0
269514.17968749994,4,mfj,900.23096,0.0,3215.0
57619.048828125,9,single,1589.7091,4865.0,4865.0
62737.14453125,2,mfj,31.730558,0.0,2115.0
78185.5546875,1,single,354.76547,0.0,1565.0
36.438941955566406,1,single,18.255749,1565.0,1565.0
119000.2314453125,6,mfj,632.9209,0.0,4315.0
117141.6171875,6,single,931.6217,0.0,4315.0
49406.8037109375,2,mfj,755.67224,0.0,2115.0
48895.638671875,5,mfj,545.3122,3765.0,3765.0
110682.625,2,mfj,45.72344,0.0,2115.0
28907.7265625,1,single,128025.83,478.4546875,1565.0
111348.96356964111,7,mfj,574.1882,0.0,4865.0
51529.61145019531,6,mfj,2640.961,4315.0,4315.0
105123.8359375,1,single,13478.813,0.0,1565.0
272381.65625,1,single,357.02194,0.0,1565.0
101292.720703125,3,mfj,4663.229,0.0,2665.0
49679.484375,2,single,1081.577,0.0,2115.0
112801.8203125,3,mfj,9832.987,0.0,2665.0
37666.9921875,2,mfj,19.990223,926.6015625,2115.0
76432.8828125,3,mfj,62.909084,0.0,2665.0
65102.93035888672,7,mfj,19.853184,4865.0,4865.0
24688.46484375,2,mfj,528.54584,2115.0,2115.0
16855.601806640625,2,mfj,2.460922,2115.0,2115.0
169563.1787109375,6,mfj,317.25516,0.0,4315.0
31997.166015625,2,mfj,10942.407,2060.566796875,2115.0
106221.1640625,1,single,427.3298,0.0,1565.0
6114.2861328125,1,single,332.51688,1565.0,1565.0
48934.9296875,4,mfj,17.114391,3073.0140625,3215.0
101999.5078125,4,mfj,326.64597,0.0,3215.0
23783.88671875,4,mfj,299.16147,3215.0,3215.0
38433.24121093749,4,single,866.511,3215.0,3215.0
59057.44726562501,5,mfj,847.9863,3248.5105468749985,3765.0
27248.099609375,1,single,7474.6733,810.380078125,1565.0
115954.65820312501,8,mfj,9.305492,0.0,4865.0
57146.859375,9,single,756.8139,4865.0,4865.0
0.0,1,single,832.94165,1565.0,1565.0
128881.3046875,4,mfj,142.37355,0.0,3215.0
88605.5,3,mfj,30.609612,0.0,2665.0
79586.0,4,mfj,40.58507,0.0,3215.0
111047.62109375,4,single,0.3100795,0.0,3215.0
671357.5,3,mfj,261.46893,0.0,2665.0
34475.4296875,1,single,203286.88,0.0,1565.0
12828.571044921875,3,mfj,1180.6827,2665.0,2665.0
145056.15625,2,single,2655.2344,0.0,2115.0
35808.3125,5,mfj,567.7223,3765.0,3765.0
46342.857421875,2,mfj,5.695296,0.0,2115.0
12571.4287109375,8,single,4233.933,4865.0,4865.0
162363.609375,6,single,201.94044,0.0,4315.0
355132.3203125,9,mfj,429.59494,0.0,4865.0
73689.78018188477,5,mfj,587.4143,322.0439636230469,3765.0
108592.8515625,5,mfj,1273.3971,0.0,3765.0
157428.53125,1,single,168967.17,0.0,1565.0
0.0,4,single,269234.56,3215.0,3215.0
90987.1796875,2,mfj,1098886.1,0.0,2115.0
3637.5341796875,1,single,617.92834,1565.0,1565.0
33964.76171875,3,mfj,766.76135,2665.0,2665.0
52813.07421875,5,mfj,317.73767,3765.0,3765.0
42186.4033203125,4,mfj,5554.07,3215.0,3215.0
0.7287788391113281,1,single,16.722052,1565.0,1565.0
0.0,1,single,6.391135,1565.0,1565.0
104250.6953125,4,mfj,0.56752926,0.0,3215.0
63238.65625,4,single,166898.03,212.26875,3215.0
94285.7109375,1,single,8.780729,0.0,1565.0
24163.926307678223,3,mfj,424.32993,2665.0,2665.0
44905.4013671875,5,mfj,71.419,3765.0,3765.0
253512.4375,2,mfj,14.729505,0.0,2115.0
209523.8125,1,single,107.50967,0.0,1565.0
172930.015625,4,mfj,1.2132101,0.0,3215.0
49598.95703125,3,mfj,83.09512,740.2085937500001,2665.0
29388.29296875,4,mfj,3763.1382,3215.0,3215.0
0.7287788391113281,2,mfj,3888.4065,2115.0,2115.0
42595.42578125,4,mfj,192.7214,3215.0,3215.0
77261.953125,2,mfj,43.880035,0.0,2115.0
68356.1875,1,single,15550.695,0.0,1565.0
136190.46875,4,mfj,4132.3735,0.0,3215.0
87692.421875,5,mfj,2.4600115,0.0,3765.0
231732.734375,2,mfj,5146.388,0.0,2115.0
3296.426025390625,2,mfj,3.4692032,2115.0,2115.0
41247.69140625,2,mfj,913.1539,210.46171875,2115.0
18049.455604553223,3,mfj,1566.0073,2665.0,2665.0
150573.921875,4,mfj,1524.3337,0.0,3215.0
153191.84967041016,3,mfj,98.48752,0.0,2665.0
256312.125,2,mfj,11683.745,0.0,2115.0
37245.4814453125,3,mfj,1662.1223,2665.0,2665.0
2934.06201171875,3,mfj,357.5807,2665.0,2665.0
32639.173828125,1,single,1961.4194,0.0,1565.0
102855.140625,3,mfj,52944.844,0.0,2665.0
23160.857421875,1,single,6754.769,1565.0,1565.0
127727.505859375,3,mfj,2.5057206,0.0,2665.0
184926.3125,4,mfj,405.76703,0.0,3215.0
69449.49609375,2,mfj,1386.3971,0.0,2115.0
3455.8828125,2,single,102427.984,2115.0,2115.0
30592.75390625,1,single,18340.855,141.44921875,1565.0
180244.69873046875,5,mfj,638.26373,0.0,3765.0
530206.927734375,8,mfj,7458.5874,0.0,4865.0
98874.5390625,1,single,625.051,0.0,1565.0
5476.0439453125,1,single,0.36390564,1565.0,1565.0
112057.255859375,4,mfj,1235.1503,0.0,3215.0
46722.8115234375,4,single,1171.7085,3215.0,3215.0
49371.2109375,5,mfj,719.5161,3765.0,3765.0
120345.4912109375,4,mfj,99.51917,0.0,3215.0
513949.625,1,single,1521.9966,0.0,1565.0
169576.1953125,4,mfj,1979.2845,0.0,3215.0
41960.75,4,mfj,1533.0404,3215.0,3215.0
145457.46875,2,mfj,1.6846057,0.0,2115.0
25949.986328125,2,mfj,1216.7354,2115.0,2115.0
47486.72265625,1,single,1007.2853,0.0,1565.0
261754.38671875,3,single,11910.063,0.0,2665.0
529516.0,3,mfj,932.95886,0.0,2665.0
70120.529296875,4,single,881.30347,0.0,3215.0
130358.5,4,mfj,1098.4026,0.0,3215.0
62090.4755859375,3,single,614.1504,0.0,2665.0
51840.39453125,3,mfj,145.46022,291.92109375,2665.0
10637.576171875,1,single,82.71974,1565.0,1565.0
0.0,1,single,487.44382,1565.0,1565.0
77954.4296875,2,mfj,102.70533,0.0,2115.0
41401.90625,3,mfj,1304.5519,2379.61875,2665.0
130642.09375,2,mfj,210.71242,0.0,2115.0
20885.00390625,2,mfj,404.21637,2115.0,2115.0
977884.7922668457,7,mfj,356.67746,0.0,4865.0
37714.28515625,3,single,822.3364,2665.0,2665.0
223495.5,2,mfj,202.76804,0.0,2115.0
214271.07286071777,3,mfj,119.53901,0.0,2665.0
0.0,1,single,1.683314,1565.0,1565.0
60245.55078125,4,mfj,755.86505,810.8898437500001,3215.0
0.0,1,single,7.9113507,1565.0,1565.0
4.372673034667969,2,mfj,63.04662,2115.0,2115.0
142465.8046875,7,mfj,35.634247,0.0,4865.0
98787.7265625,3,mfj,740.1345,0.0,2665.0
152910.15625,2,mfj,515.02374,0.0,2115.0
10476.1904296875,2,single,290410.12,2115.0,2115.0
39022.5625,3,mfj,1306.3983,2665.0,2665.0
245423.40625,2,mfj,120.16708,0.0,2115.0
5924.37060546875,6,single,1845.3457,4315.0,4315.0
124319.9609375,1,single,2473.45,0.0,1565.0
57838.43359375,3,mfj,5.1497803,0.0,2665.0
260494.21875,1,single,533.13196,0.0,1565.0
34414.6796875,4,single,1158.2053,3215.0,3215.0
0.0,2,mfj,188.85841,2115.0,2115.0
0.0,2,mfj,542.1479,2115.0,2115.0
1.4575576782226562,1,single,29.42392,1565.0,1565.0
36441.921875,1,single,449.67978,0.0,1565.0
420324.8125,2,mfj,534.5001,0.0,2115.0
383018.97265625,4,mfj,193.30951,0.0,3215.0
57804.70703125,6,mfj,20.764816,4315.0,4315.0
105728.375,4,single,92.61698,0.0,3215.0
13119.4755859375,4,mfj,698.3083,3215.0,3215.0
71502.953125,2,mfj,103188.62,0.0,2115.0
81328.6875,2,mfj,25.855526,0.0,2115.0
247897.140625,2,mfj,289.1443,0.0,2115.0
455138.33249759674,4,mfj,322.41245,0.0,3215.0
132555.703125,1,single,0.27923706,0.0,1565.0
37521.015625,5,mfj,229.60596,3765.0,3765.0
310367.625,2,mfj,190.46078,0.0,2115.0
97005.63425445557,6,single,64.81494,0.0,4315.0
147922.57360839844,3,mfj,8.752698,0.0,2665.0
0.0,1,single,47.35518,1565.0,1565.0
86031.029296875,3,mfj,5093.334,0.0,2665.0
271696.1875,2,mfj,187.55324,0.0,2115.0
80941.79858398438,4,mfj,726.97485,0.0,3215.0
33388.73046875,4,mfj,61.664886,3215.0,3215.0
161770.3125,4,mfj,35.797245,0.0,3215.0
550391.3046875,4,mfj,140.2203,0.0,3215.0
105590.28124999999,6,single,6.5041614,0.0,4315.0
0.0,2,mfj,5.2485723,2115.0,2115.0
46459.705078125,3,mfj,288927.22,1368.058984375,2665.0
79710.921875,2,mfj,1653.4781,0.0,2115.0
29654.462890625,2,mfj,90271.86,2115.0,2115.0
67939.234375,5,mfj,869.82666,1472.153125,3765.0
71133.3984375,3,mfj,91582.71,0.0,2665.0
26222.501953125,3,mfj,646064.7,2665.0,2665.0
29837.0478515625,3,mfj,322.18237,2665.0,2665.0
143010.421875,1,single,126.00025,0.0,1565.0
17370.666015625,3,mfj,13835.653,2665.0,2665.0
157123.765625,3,mfj,52.85405,0.0,2665.0
52225.546875,4,mfj,542.6282,2414.890625,3215.0
20351.771484375,3,mfj,135.29614,2665.0,2665.0
34577.9921875,2,mfj,70.79387,1544.4015625,2115.0
222393.984375,4,mfj,595.8849,0.0,3215.0
0.0,3,mfj,10.7231865,2665.0,2665.0
0.0,2,mfj,516.8443,2115.0,2115.0
148852.75,3,mfj,1.1070713,0.0,2665.0
272958.45703125,3,mfj,508.679,0.0,2665.0
136036.267578125,2,mfj,698.9836,0.0,2115.0
71701.3359375,2,single,15842.154,0.0,2115.0
91218.15625,4,mfj,70.629906,0.0,3215.0
87770.5390625,5,mfj,5908.241,0.0,3765.0
118025.9921875,3,mfj,0.972827,0.0,2665.0
261414.390625,5,mfj,49.36972,0.0,3765.0
27762.48828125,2,mfj,1043.4724,2115.0,2115.0
166529.96875,3,mfj,421.10004,0.0,2665.0
2976.61376953125,3,mfj,75.39034,2665.0,2665.0
123265.26979446411,5,mfj,39684.195,0.0,3765.0
135533.390625,2,single,1405.297,0.0,2115.0
610049.3125,4,mfj,1.308854,0.0,3215.0
0.7287788391113281,2,mfj,645.7043,2115.0,2115.0
2.9151153564453125,2,mfj,11.475309,2115.0,2115.0
244780.28125,2,mfj,2190.7476,0.0,2115.0
86305.28125,3,mfj,41.570366,0.0,2665.0
438.7248420715332,2,mfj,162.7926,2115.0,2115.0
154132.8125,4,mfj,1.7682087,0.0,3215.0
78346.0625,3,mfj,105.48072,0.0,2665.0
41682.234375,4,mfj,240.38756,3215.0,3215.0
119059.828125,4,mfj,552.33545,0.0,3215.0
127118.2265625,1,single,24902.916,0.0,1565.0
198294.78125,2,mfj,96.78401,0.0,2115.0
13226.1904296875,1,single,2457.9104,1565.0,1565.0
314759.34375,2,mfj,943.375,0.0,2115.0
8481.5029296875,2,mfj,152.3886,2115.0,2115.0
143404.890625,2,mfj,794.8296,0.0,2115.0
117506.859375,4,single,77419.92,0.0,3215.0
170631.1826171875,4,mfj,437.0458,0.0,3215.0
30847.80078125,1,single,5155.96,90.43984375000001,1565.0
254281.53125,2,mfj,8187.188,0.0,2115.0
144602.796875,3,mfj,1.3288696,0.0,2665.0
43249.46875,2,mfj,785.0722,0.0,2115.0
33265.20703125,3,mfj,1258.0886,2665.0,2665.0
23626.001953125,1,single,49452.492,1534.799609375,1565.0
224675.671875,2,mfj,0.88154393,0.0,2115.0
318589.234375,3,mfj,0.23759896,0.0,2665.0
347131.0625,4,mfj,271.642,0.0,3215.0
39303.19921875,2,mfj,152621.9,599.36015625,2115.0
45960.8359375,2,mfj,548.98315,0.0,2115.0
53070.75390625,5,mfj,38.005466,3765.0,3765.0
217345.93749999997,6,single,55543.32,0.0,4315.0
134365.34375,3,single,4015.1653,0.0,2665.0
70713.015625,1,single,8837.101,0.0,1565.0
9670.917694091797,8,single,832.80145,4865.0,4865.0
39495.8046875,1,single,328.81628,0.0,1565.0
133244.421875,2,mfj,143.04784,0.0,2115.0
68142.859375,1,single,525.3468,0.0,1565.0
53574.32421875,2,single,386.18735,0.0,2115.0
259.8481140136719,1,single,56.82108,1565.0,1565.0
19567.685546875,1,single,157.58943,1565.0,1565.0
70329.7734375,2,mfj,56.365883,0.0,2115.0
147360.03125,4,mfj,390.5077,0.0,3215.0
157328.703125,1,single,73.90126,0.0,1565.0
106606.927734375,3,mfj,145.75398,0.0,2665.0
0.0,1,single,2077.334,1565.0,1565.0
19893.658203125,4,mfj,34086.39,3215.0,3215.0
102687.84375,2,mfj,157.26845,0.0,2115.0
0.0,1,single,2.5505373,1565.0,1565.0
52380.953125,3,mfj,1950.7014,183.80937500000002,2665.0
100552.15625,3,mfj,1023.8042,0.0,2665.0
0.0,1,single,2492.9858,1565.0,1565.0
244547.26953125,3,mfj,3378.9421,0.0,2665.0
57465.9140625,1,single,425.53552,0.0,1565.0
183550.65625,5,mfj,23.360518,0.0,3765.0
106902.33203124999,4,single,573.67505,0.0,3215.0
300984.71875,2,mfj,269.42407,0.0,2115.0
269087.0625,2,mfj,435.7172,0.0,2115.0
31373.08984375,4,mfj,48.5228,3215.0,3215.0
0.0,1,single,4350.8047,1565.0,1565.0
360698.3984375,3,single,201.53622,0.0,2665.0
25803.925407409668,7,single,550.9285,4865.0,4865.0
20426.11328125,2,mfj,1657.5576,2115.0,2115.0
165957.8125,1,single,442.18274,0.0,1565.0
52624.30859375,3,mfj,4.9028583,135.13828125,2665.0
26867.90234375,1,single,398.57147,886.41953125,1565.0
436900.40625,5,mfj,28.652077,0.0,3765.0
23921.5859375,1,single,783.873,1475.6828125,1565.0
109677.95703125,4,mfj,340.7052,0.0,3215.0
197197.09667968747,6,single,405.66507,0.0,4315.0
356757.625,6,mfj,36.483723,0.0,4315.0
102251.4765625,2,mfj,3.6249967,0.0,2115.0
177940.671875,3,mfj,1.657896,0.0,2665.0
45510.85546875,5,single,528.54614,3765.0,3765.0
236955.28125,2,mfj,489.10104,0.0,2115.0
0.0,2,mfj,751.4079,2115.0,2115.0
49655.36328125,1,single,741.69257,0.0,1565.0
9875.408466339111,2,mfj,2381.6978,2115.0,2115.0
125210.03125,4,mfj,26.547386,0.0,3215.0
58300.05078125,1,single,10891.902,0.0,1565.0
77523.810546875,5,single,1403.3168,0.0,3765.0
50203.11328125,4,mfj,62.12968,2819.37734375,3215.0
38451.609375,2,mfj,0.14716548,769.678125,2115.0
80871.26953125,4,single,5801.053,0.0,3215.0
25144.953125,1,single,171.41574,1231.009375,1565.0
79796.2890625,1,single,21.438124,0.0,1565.0
0.0,1,single,0.960895,1565.0,1565.0
0.0,1,single,166.93256,1565.0,1565.0
18092.380859375,3,single,6168.573,2665.0,2665.0
0.0,2,single,254.083,2115.0,2115.0
0.0,5,single,173.53804,3765.0,3765.0
78042.38916015625,7,mfj,452.7265,3851.52216796875,4865.0
0.0,2,mfj,1.5962737,2115.0,2115.0
97336.6953125,4,mfj,0.87789875,0.0,3215.0
183759.84375,2,mfj,1.2453164,0.0,2115.0
237633.5625,8,mfj,611.8698,0.0,4865.0
108092.515625,2,mfj,459.33545,0.0,2115.0
66878.1171875,1,single,115.95948,0.0,1565.0
1.4575576782226562,2,mfj,11963.912,2115.0,2115.0
183342.078125,2,mfj,1269.308,0.0,2115.0
137591.837890625,4,mfj,75.05834,0.0,3215.0
46913.578125,4,mfj,416.1312,3215.0,3215.0
20064.47265625,2,mfj,11.752692,2115.0,2115.0
110938.671875,1,single,30.834757,0.0,1565.0
173421.9765625,2,mfj,155.3366,0.0,2115.0
135509.015625,4,mfj,217.39888,0.0,3215.0
0.7287788391113281,1,single,2015.8938,1565.0,1565.0
93685.7109375,1,single,694.66187,0.0,1565.0
159400.0,7,single,628.7664,0.0,4865.0
62857.875,3,single,405.3211,0.0,2665.0
152137.46875,4,mfj,7.71337,0.0,3215.0
113482.1953125,3,mfj,214.56909,0.0,2665.0
31428.572265625,1,single,2019.943,0.0,1565.0
35450.09765625,2,mfj,4781.8604,1369.98046875,2115.0
285353.3733520508,4,mfj,20.965427,0.0,3215.0
0.0,2,mfj,1231.211,2115.0,2115.0
231258.849609375,11,single,346.85022,0.0,4865.0
20952.380859375,2,mfj,5908.8774,2115.0,2115.0
0.0,1,single,137.58218,1565.0,1565.0
0.0,1,single,0.47069752,1565.0,1565.0
167357.6237258911,3,mfj,2.6657326,0.0,2665.0
107354.5390625,4,mfj,400.6582,0.0,3215.0
38005.796875,4,single,1281.0918,3215.0,3215.0
0.0,1,single,0.031060258,1565.0,1565.0
0.0,2,mfj,591.87866,2115.0,2115.0
0.0,2,mfj,2.8052719,2115.0,2115.0
37725.21683883667,3,mfj,167.76463,2665.0,2665.0
52224.94921875,3,mfj,30.933798,215.01015625,2665.0
224686.71875,4,mfj,4.0396414,0.0,3215.0
68623.0390625,4,mfj,309339.94,0.0,3215.0
199039.23828125,4,mfj,906.7159,0.0,3215.0
0.0,2,mfj,40.188374,2115.0,2115.0
0.0,1,single,810.4466,1565.0,1565.0
54764.708984375,5,mfj,2501.8438,3765.0,3765.0
121744.341796875,7,single,1.9363837,0.0,4865.0
228638.484375,3,mfj,1031.7233,0.0,2665.0
196609.95312500003,6,single,510.4816,0.0,4315.0
24095.23828125,4,mfj,1443.9222,3215.0,3215.0
42828.5712890625,4,mfj,4813.367,3215.0,3215.0
2824.74658203125,2,mfj,0.42356554,2115.0,2115.0
130241.5234375,5,mfj,73692.92,0.0,3765.0
44675.91796875,4,mfj,10.830861,3215.0,3215.0
82417.546875,2,mfj,100.66532,0.0,2115.0
49260.0,3,single,655.5618,808.0,2665.0
0.0,3,single,3721.8557,2665.0,2665.0
328889.8125,5,mfj,5478.1714,0.0,3765.0
63855.11901855469,3,mfj,938.8041,0.0,2665.0
20283.40625,4,mfj,4.9573812,3215.0,3215.0
40490.78515625,2,mfj,30121.125,361.84296875,2115.0
127813.1640625,3,single,692.7518,0.0,2665.0
40863.26338195801,8,single,0.13104443,4865.0,4865.0
34099.06787109375,4,mfj,912.0432,3215.0,3215.0
0.0,1,single,8.247141,1565.0,1565.0
26669.142093658447,5,single,351.4351,3765.0,3765.0
35619.046875,3,single,1104.2222,2665.0,2665.0
96339.1328125,2,mfj,37.33069,0.0,2115.0
287118.8125,2,mfj,156.03944,0.0,2115.0
44441.5234375,2,mfj,370.09814,0.0,2115.0
215935.375,2,mfj,47.04983,0.0,2115.0
30380.953125,1,single,1121.7609,183.809375,1565.0
122835.8046875,3,mfj,11.989072,0.0,2665.0
146668.71875,4,mfj,1906.6107,0.0,3215.0
840585.625,3,mfj,238.29259,0.0,2665.0
9916.1630859375,2,mfj,361.37277,2115.0,2115.0
202482.6875,3,mfj,109.83492,0.0,2665.0
92143.5859375,1,single,95.07742,0.0,1565.0
110534.8046875,3,mfj,14.320998,0.0,2665.0
469752.3125,4,mfj,371.44025,0.0,3215.0
221761.57812500003,6,single,6056.784,0.0,4315.0
84947.3671875,2,mfj,352.5809,0.0,2115.0
157145.046875,3,mfj,287.50272,0.0,2665.0
148485.82421875,3,mfj,0.50781244,0.0,2665.0
1150675.875,2,single,2389.123,0.0,2115.0
103562.501953125,5,single,1753.9753,0.0,3765.0
32797.03759765625,3,mfj,517.716,2665.0,2665.0
166566.390625,2,mfj,116.885475,0.0,2115.0
47146.49936294556,2,mfj,28.93464,0.0,2115.0
62336.3671875,1,single,337.40915,0.0,1565.0
189564.90625,7,mfj,551.9405,0.0,4865.0
7.287788391113281,1,single,1.6199358,1565.0,1565.0
70281.5703125,2,mfj,186.96985,0.0,2115.0
0.0,2,mfj,217.14618,2115.0,2115.0
109075.28125,2,mfj,21.862684,0.0,2115.0
17725.8203125,5,mfj,617.6626,3765.0,3765.0
49588.2412109375,6,single,698.30835,4315.0,4315.0
72295.5234375,6,mfj,15.3338995,2800.8953125000003,4315.0
130535.83984375,3,mfj,254.22081,0.0,2665.0
124819.1591796875,6,single,0.20611401,0.0,4315.0
0.0,1,single,1.2016627,1565.0,1565.0
45342.76171875,2,mfj,6962.3193,0.0,2115.0
0.0,2,mfj,0.10087141,2115.0,2115.0
89084.1875,2,mfj,2221.303,0.0,2115.0
51532.47540283203,5,single,69.05505,3765.0,3765.0
220772.34375,1,single,4.0105543,0.0,1565.0
35383.8359375,3,single,1784.8387,2665.0,2665.0
121898.9375,5,mfj,0.50590533,0.0,3765.0
60374.93359375,5,mfj,461.9259,2985.01328125,3765.0
89.6397933959961,2,mfj,0.82369745,2115.0,2115.0
341123.182220459,4,mfj,6281.8984,0.0,3215.0
69729.390625,3,mfj,10.055262,0.0,2665.0
58839.38671875,1,single,31.517656,0.0,1565.0
23697.482421875,2,mfj,88.8765,2115.0,2115.0
44293.3330078125,4,mfj,474.7534,3215.0,3215.0
39063.015625,2,single,2238.429,647.3968749999999,2115.0
260971.84375,2,single,6881.147,0.0,2115.0
303140.875,4,mfj,3.095592,0.0,3215.0
6876.1904296875,3,mfj,6.1753054,2665.0,2665.0
80852.5078125,1,single,0.17274688,0.0,1565.0
18838.98828125,1,single,8254.864,1565.0,1565.0
85471.84375,1,single,11.0430155,0.0,1565.0
281747.78125,5,mfj,354.55438,0.0,3765.0
100967.3828125,2,mfj,377.9984,0.0,2115.0
0.0,1,single,30.898447,1565.0,1565.0
16844.73828125,2,mfj,127.84909,2115.0,2115.0
76608.34765625,3,single,611.6936,0.0,2665.0
112632.046875,5,mfj,0.73590076,0.0,3765.0
0.0,1,single,3.2014751,1565.0,1565.0
145065.015625,2,mfj,4.2774053,0.0,2115.0
31180.845703125,1,single,1673.8107,23.830859375,1565.0
154842.828125,2,mfj,0.31058317,0.0,2115.0
135031.5,3,mfj,500.0406,0.0,2665.0
54663.580078125,4,mfj,23090.242,1927.283984375,3215.0
77001.88891601562,5,mfj,117.4447,0.0,3765.0
44832.1484375,1,single,429.72525,0.0,1565.0
0.7287788391113281,2,mfj,276.25647,2115.0,2115.0
46463.58984375,3,mfj,47987.164,1367.28203125,2665.0
62657.14453125,4,single,1929.2516,328.57109375,3215.0
35277.25,2,single,13135.298,1404.55,2115.0
43742.85546875,1,single,1562.6201,0.0,1565.0
31428.572265625,1,single,2969.0146,0.0,1565.0
54021.375,2,mfj,124.39182,0.0,2115.0
421422.40625,1,single,274.40768,0.0,1565.0
134082.953125,2,mfj,330.98148,0.0,2115.0
496832.59375,2,mfj,552.8756,0.0,2115.0
74605.3203125,1,single,78.76199,0.0,1565.0
182904.890625,1,single,378280.34,0.0,1565.0
282864.4375,4,mfj,193.76938,0.0,3215.0
90528.1279296875,2,mfj,0.82454634,0.0,2115.0
113820.109375,2,mfj,1936.2445,0.0,2115.0
200147.921875,1,single,165029.14,0.0,1565.0
1.4575576782226562,2,mfj,694.0684,2115.0,2115.0
114916.734375,1,single,129.42041,0.0,1565.0
317914.0546875,2,mfj,239.62926,0.0,2115.0
68372.6328125,3,single,31.537548,0.0,2665.0
135673.59375,2,mfj,70.36524,0.0,2115.0
47500.0390625,2,mfj,86.175446,0.0,2115.0
8485.146484375,1,single,43.387722,1565.0,1565.0
11849.4697265625,1,single,40.75871,1565.0,1565.0
32241.63671875,1,single,120329.36,0.0,1565.0
466105.625,2,mfj,951.81586,0.0,2115.0
176355.3125,2,mfj,367.4952,0.0,2115.0
37077.546875,3,mfj,6.1962414,2665.0,2665.0
124113.06640625,2,mfj,4.7660017,0.0,2115.0
50125.3828125,1,single,70.40633,0.0,1565.0
97340.0546875,5,mfj,4.2514405,0.0,3765.0
221309.078125,5,mfj,6.4888062,0.0,3765.0
421.96270751953125,1,single,115171.77,1565.0,1565.0
130780.8359375,1,single,22.367407,0.0,1565.0
0.0,1,single,0.43305063,1565.0,1565.0
216129.265625,5,mfj,82.64613,0.0,3765.0
0.7287788391113281,1,single,904.1742,1565.0,1565.0
395736.90625,4,mfj,151.18346,0.0,3215.0
1809672.625,2,mfj,575.45123,0.0,2115.0
59247.34765625,1,single,827.1642,0.0,1565.0
140575.1350288391,2,mfj,415.65167,0.0,2115.0
256855.25,2,mfj,70295.35,0.0,2115.0
67089.953125,1,single,1.9758042,0.0,1565.0
175376.53125,4,mfj,28.71107,0.0,3215.0
15019.220703125,1,single,33.352108,1565.0,1565.0
481758.5,1,single,1063.1677,0.0,1565.0
78878.310546875,2,mfj,622.0028,0.0,2115.0
244040.796875,1,single,2736.9824,0.0,1565.0
114716.625,2,mfj,0.14452122,0.0,2115.0
185140.05664062503,4,mfj,735.61115,0.0,3215.0
5314.3349609375,2,mfj,16.663399,2115.0,2115.0
89643.3984375,1,single,195.39954,0.0,1565.0
111548.0859375,2,mfj,0.114585266,0.0,2115.0
285774.921875,2,mfj,164.4233,0.0,2115.0
132642.859375,2,mfj,4840.107,0.0,2115.0
268076.0498046875,4,single,256.79626,0.0,3215.0
0.7287788391113281,5,single,2586.2124,3765.0,3765.0
305461.8515625,4,mfj,232.91214,0.0,3215.0
123988.3203125,1,single,251267.9,0.0,1565.0
135633.25,3,mfj,17.714687,0.0,2665.0
121941.03125,1,single,3987.9297,0.0,1565.0
209011.9375,2,mfj,207.827,0.0,2115.0
1139362.1484375,5,mfj,119.89285,0.0,3765.0
188264.501953125,4,mfj,591.0847,0.0,3215.0
52394.107421875,4,single,2337.2603,2381.1785156250003,3215.0
45032.9375,2,mfj,1515.5648,0.0,2115.0
139772.984375,1,single,23.500645,0.0,1565.0
0.0,1,single,363.74313,1565.0,1565.0
19747.90234375,2,single,326071.3,2115.0,2115.0
51912.046875,2,mfj,81.464195,0.0,2115.0
0.0,2,mfj,0.97892785,2115.0,2115.0
15456.8017578125,2,mfj,63978.094,2115.0,2115.0
172686.296875,2,mfj,19699.246,0.0,2115.0
180164.3828125,4,mfj,125.60602,0.0,3215.0
85995.703125,4,mfj,385.01297,0.0,3215.0
138585.828125,4,mfj,368.1106,0.0,3215.0
147900.125,2,mfj,0.0112730125,0.0,2115.0
30708.572265625,2,mfj,39.880543,2115.0,2115.0
14605.8388671875,1,single,10791.506,1565.0,1565.0
209772.921875,2,mfj,2.2385979,0.0,2115.0
250378.484375,2,mfj,2388.3247,0.0,2115.0
87772.7109375,1,single,11608.221,0.0,1565.0
25682.33154296875,2,mfj,1081.5043,2115.0,2115.0
50691.20534133911,4,mfj,2217.551,2721.7589317321776,3215.0
144109.0234375,2,mfj,21.272568,0.0,2115.0
987963.0546875,5,mfj,596.62634,0.0,3765.0
141360.546875,2,mfj,340.1382,0.0,2115.0
74996.9140625,3,mfj,829.22797,0.0,2665.0
117087.52722167969,3,mfj,5.74159,0.0,2665.0
0.0,1,single,444.27176,1565.0,1565.0
197340.203125,7,single,14.91437,0.0,4865.0
144919.35546875,3,mfj,4.2092514,0.0,2665.0
179807.140625,1,single,13.558406,0.0,1565.0
167423.87890625,2,mfj,2418.3599,0.0,2115.0
140639.96875,2,mfj,39.4165,0.0,2115.0
47142.85546875,2,mfj,11028.662,0.0,2115.0
7280.39794921875,3,mfj,214436.44,2665.0,2665.0
98897.4765625,5,single,2834.978,0.0,3765.0
1.4575576782226562,2,mfj,9712.673,2115.0,2115.0
38705.9921875,1,single,152.90686,0.0,1565.0
751127.375,2,mfj,279.81854,0.0,2115.0
155496.84375,2,mfj,210.93979,0.0,2115.0
317332.8125,1,single,3575.9128,0.0,1565.0
50401.625,2,mfj,291.35745,0.0,2115.0
220721.564453125,5,mfj,2.1206362,0.0,3765.0
203676.859375,2,single,3369.6584,0.0,2115.0
642561.625,4,mfj,0.50291336,0.0,3215.0
1768214.25,1,single,80493.31,0.0,1565.0
8045.58642578125,1,single,0.8951613,1565.0,1565.0
156503.140625,3,mfj,14.864423,0.0,2665.0
17521.794921875,2,mfj,2.5672176,2115.0,2115.0
42473.38281249999,4,single,728.51135,3215.0,3215.0
372548.25,2,mfj,245.77744,0.0,2115.0
322668.125,3,mfj,0.6703986,0.0,2665.0
118687.8203125,1,single,184.70183,0.0,1565.0
122159.3828125,2,mfj,35.536343,0.0,2115.0
100675.90691375732,3,mfj,150.4415,0.0,2665.0
42885.1875,1,single,1351.6013,0.0,1565.0
49395.9921875,3,mfj,582.7608,780.8015624999999,2665.0
446213.75,2,mfj,459.34186,0.0,2115.0
91985.71484375,2,mfj,710.56805,0.0,2115.0
105780.322265625,4,single,432.60666,0.0,3215.0
49448.76171875,1,single,168.1128,0.0,1565.0
1092301.875,1,single,17953.535,0.0,1565.0
0.0,2,mfj,20323.568,2115.0,2115.0
62857.14453125,2,single,126596.32,0.0,2115.0
14811.654296875,1,single,174.45615,1565.0,1565.0
48678.0234375,2,mfj,1658.3604,0.0,2115.0
154777.310546875,7,single,451.95935,0.0,4865.0
238435.15625,3,mfj,2.5491016,0.0,2665.0
178096.6875,3,mfj,0.33363354,0.0,2665.0
394242.0625,4,mfj,23.937609,0.0,3215.0
70675.068359375,2,mfj,363.72635,0.0,2115.0
153622.046875,2,mfj,673.1213,0.0,2115.0
69100.15625,4,mfj,1367.5927,0.0,3215.0
372979.6875,5,mfj,20.17236,0.0,3765.0
325097.2734375,5,mfj,278.3435,0.0,3765.0
0.0,1,single,1503.5483,1565.0,1565.0
187290.548828125,2,mfj,606.77045,0.0,2115.0
291771.8125,4,mfj,728.46106,0.0,3215.0
53644.9267578125,5,mfj,23695.68,3765.0,3765.0
284340.8203125,5,mfj,2.7766979,0.0,3765.0
473766.4375,4,mfj,2796.7517,0.0,3215.0
74072.1171875,3,mfj,259.03677,0.0,2665.0
5497.24462890625,2,mfj,932.58844,2115.0,2115.0
167785.78125,2,single,4240.2896,0.0,2115.0
186846.109375,3,mfj,1.1442245,0.0,2665.0
54435.765625,2,mfj,151.91692,0.0,2115.0
0.7287788391113281,2,mfj,614.8768,2115.0,2115.0
381736.1875,2,mfj,503.54877,0.0,2115.0
36.438941955566406,3,mfj,5.632251,2665.0,2665.0
53562.28515625,1,single,973.05365,0.0,1565.0
117490.375,4,mfj,384.53427,0.0,3215.0
401648.203125,3,mfj,674.53864,0.0,2665.0
541761.07421875,2,mfj,72446.78,0.0,2115.0
86623.3203125,1,single,866.0158,0.0,1565.0
316822.89062500006,8,mfj,360.14807,0.0,4865.0
23390.689453125,1,single,1073.6494,1565.0,1565.0
106018.7734375,3,mfj,0.062424093,0.0,2665.0
223183.03125,3,mfj,649.9558,0.0,2665.0
54180.15234375,1,single,750.34735,0.0,1565.0
22324.84765625,1,single,352.72003,1565.0,1565.0
212939.453125,4,mfj,105.8767,0.0,3215.0
900651.1875,6,single,2163.936,0.0,4315.0
890.1927490234375,1,single,1.3699642,1565.0,1565.0
480432.171875,3,mfj,284.06476,0.0,2665.0
87822.140625,1,single,174.39494,0.0,1565.0
383734.0625,2,mfj,259.24695,0.0,2115.0
1280253.875,4,mfj,9.146949,0.0,3215.0
129047.625,2,mfj,469.64343,0.0,2115.0
29722.98046875,1,single,14868.92,315.40390625000003,1565.0
377536.28125,3,mfj,1601.6694,0.0,2665.0
227334.0625,1,single,10.449886,0.0,1565.0
66100.125,3,mfj,4692.7896,0.0,2665.0
317092.25,1,single,364.2136,0.0,1565.0
271025.27734375,2,mfj,963.77893,0.0,2115.0
271132.40625,1,single,650.10333,0.0,1565.0
111227.046875,3,mfj,189.97247,0.0,2665.0
283728.09375,2,mfj,226.82428,0.0,2115.0
10201.1904296875,1,single,625.6372,1565.0,1565.0
702029.4375,4,mfj,75781.57,0.0,3215.0
41904.76171875,1,single,205404.8,0.0,1565.0
30708.572265625,1,single,1462.2812,118.285546875,1565.0
11663.646484375,1,single,254.04317,1565.0,1565.0
374386.9548339844,6,mfj,133.09583,0.0,4315.0
41373.21875,3,mfj,531.5647,2385.35625,2665.0
195835.359375,2,mfj,15.832218,0.0,2115.0
0.0,1,single,1181.1594,1565.0,1565.0
154605.2109375,2,mfj,299.59482,0.0,2115.0
939002.0,1,single,106437.58,0.0,1565.0
162801.0,1,single,10.780146,0.0,1565.0
1.4575576782226562,2,mfj,13357.95,2115.0,2115.0
58337.45703125,1,single,19.128265,0.0,1565.0
0.0,1,single,277.64023,1565.0,1565.0
9349.5234375,1,single,2691.7908,1565.0,1565.0
47115.6708984375,3,mfj,1.0161806,1236.8658203125,2665.0
64046.08984375,1,single,783.08765,0.0,1565.0
346072.390625,3,mfj,241.25342,0.0,2665.0
0.0,2,mfj,0.34067875,2115.0,2115.0
212211.046875,2,mfj,15.858679,0.0,2115.0
115593.6953125,5,mfj,290.53833,0.0,3765.0
551213.359375,4,mfj,245.37744,0.0,3215.0
380869.40625,2,mfj,169.83534,0.0,2115.0
28285.71484375,3,single,866.0149,2665.0,2665.0
125470.4111328125,6,mfj,1588.1885,0.0,4315.0
91675.265625,2,mfj,4.5958805,0.0,2115.0
71689.75,1,single,48689.887,0.0,1565.0
126905.6328125,2,mfj,750.0779,0.0,2115.0
58171.78125,1,single,370.7966,0.0,1565.0
170970.9375,1,single,273.51184,0.0,1565.0
347321.53125,4,mfj,287.90936,0.0,3215.0
19798.541015625,3,mfj,184051.52,2665.0,2665.0
917669.9375,2,mfj,66325.24,0.0,2115.0
89303.71484375,4,single,2235.3484,0.0,3215.0
331113.6875,3,mfj,22022.568,0.0,2665.0
261797.625,2,mfj,1177.5614,0.0,2115.0
116931.640625,2,mfj,24.282623,0.0,2115.0
87280.765625,1,single,96.43951,0.0,1565.0
7145.82275390625,3,mfj,0.14417024,2665.0,2665.0
401151.6875,2,mfj,414.3152,0.0,2115.0
100731.7578125,1,single,43.81413,0.0,1565.0
166648.92578125,7,single,13718.821,0.0,4865.0
169826.453125,3,mfj,115613.28,0.0,2665.0
233933.6875,1,single,420.66797,0.0,1565.0
150892.140625,2,mfj,520.8812,0.0,2115.0
205731.40234375,5,mfj,1632.6841,0.0,3765.0
77236.390625,2,mfj,1079.7699,0.0,2115.0
40400.0,4,mfj,2030.9636,3215.0,3215.0
77739.546875,5,single,20.92786,0.0,3765.0
57830.6875,2,mfj,207.17537,0.0,2115.0
85137.90625,3,mfj,9198.75,0.0,2665.0
949420.0,4,mfj,10.1614685,0.0,3215.0
173898.95703125,2,mfj,2.067101,0.0,2115.0
273559.875,4,mfj,635.226,0.0,3215.0
0.0,2,mfj,9.411841,2115.0,2115.0
70411.515625,1,single,337.4889,0.0,1565.0
395171.0791015625,3,mfj,247.00424,0.0,2665.0
79615.6328125,1,single,12573.069,0.0,1565.0
129315.8671875,2,mfj,300.2394,0.0,2115.0
1422.576171875,3,mfj,152.42827,2665.0,2665.0
114536.0234375,4,mfj,276.09378,0.0,3215.0
27721.130859375,2,mfj,4.4139066,2115.0,2115.0
212096.8125,1,single,373.26044,0.0,1565.0
101941.1171875,1,single,81.86142,0.0,1565.0
159340.453125,2,mfj,787.17584,0.0,2115.0
98888.90625,1,single,184.08972,0.0,1565.0
492989.28125,3,mfj,9.423125,0.0,2665.0
76912.9765625,6,mfj,690.1274,1877.4046875,4315.0
440687.359375,4,single,2443.8455,0.0,3215.0
157150.140625,1,single,1027.6492,0.0,1565.0
11714.2861328125,1,single,199757.45,1565.0,1565.0
53359.990234375,2,mfj,2382.1113,0.0,2115.0
511283.25,4,mfj,98.89903,0.0,3215.0
50685.953125,2,mfj,2223.9492,0.0,2115.0
181350.98828125,4,mfj,58.90914,0.0,3215.0
119861.34375,3,mfj,43.23185,0.0,2665.0
126510.90234375,2,mfj,5493.8306,0.0,2115.0
127436.234375,5,single,600.05695,0.0,3765.0
205317.28125,2,mfj,714.18915,0.0,2115.0
361017.6875,4,mfj,257.3198,0.0,3215.0
2704463.75,3,mfj,64928.73,0.0,2665.0
425027.28125,4,mfj,18.173357,0.0,3215.0
75009.525390625,4,mfj,861.91864,0.0,3215.0
152385.46875,2,single,1226.9141,0.0,2115.0
346572.15625,1,single,81.68239,0.0,1565.0
110124.9609375,2,single,46.699123,0.0,2115.0
469880.6171875,2,mfj,46094.88,0.0,2115.0
67963.4375,2,mfj,15857.526,0.0,2115.0
1013083.6875,3,mfj,59.810623,0.0,2665.0
431464.5625,1,single,436.735,0.0,1565.0
206473.8515625,3,mfj,161.63545,0.0,2665.0
290225.3125,3,mfj,22555.53,0.0,2665.0
199281.75,2,mfj,1488.9132,0.0,2115.0
303121.34375,3,mfj,0.11245467,0.0,2665.0
72079.84375,3,mfj,69.27748,0.0,2665.0
39767.765625,2,mfj,366926.97,506.44687500000003,2115.0
874598.0,2,mfj,505.386,0.0,2115.0
96555.6953125,2,mfj,1070.3196,0.0,2115.0
35953.3359375,1,single,21494.248,0.0,1565.0
102408.625,1,single,27.253101,0.0,1565.0
362593.46875,3,mfj,242.87149,0.0,2665.0
93294.453125,1,single,0.82602364,0.0,1565.0
8598.1279296875,1,single,1491.7174,1565.0,1565.0
42963.1484375,5,single,73.169136,3765.0,3765.0
162183.890625,4,mfj,618.5828,0.0,3215.0
36565.76171875,2,single,1178.0144,1146.84765625,2115.0
154979.078125,5,mfj,545.1873,0.0,3765.0
2218.86669921875,3,mfj,344.62457,2665.0,2665.0
114812.79296875,3,mfj,0.39636236,0.0,2665.0
22457.81640625,2,mfj,5243.8447,2115.0,2115.0
142868.55859375,2,mfj,2.7673318,0.0,2115.0
0.0,1,single,19.464079,1565.0,1565.0
52380.953125,4,single,124.74289,2383.8093750000003,3215.0
22505.935546875,1,single,471.40887,1565.0,1565.0
296258.75,5,mfj,40.96312,0.0,3765.0
0.0,1,single,520.0371,1565.0,1565.0
19340.93359375,1,single,4116.294,1565.0,1565.0
22266.98828125,2,mfj,64.97193,2115.0,2115.0
206255.0625,3,mfj,559.8512,0.0,2665.0
21441.458984375,1,single,205912.78,1565.0,1565.0
13070.359375,1,single,229.99538,1565.0,1565.0
103000.4140625,8,single,612.6023,0.0,4865.0
312839.21875,2,mfj,261.91458,0.0,2115.0
101741.6875,2,mfj,1156.0831,0.0,2115.0
24544.26171875,2,mfj,66036.43,2115.0,2115.0
157364.140625,2,mfj,193.56871,0.0,2115.0
83916.625,1,single,138.84744,0.0,1565.0
94680.359375,1,single,585.6125,0.0,1565.0
74116.5703125,1,single,437.8516,0.0,1565.0
58721.66796875,2,mfj,42.681942,0.0,2115.0
18599.05859375,2,mfj,0.8328828,2115.0,2115.0
41302.0625,1,single,10.895098,0.0,1565.0
401278.84375,6,mfj,67.97009,0.0,4315.0
61079.59375,1,single,0.15853494,0.0,1565.0
113905.4765625,1,single,500.0742,0.0,1565.0
23464.69921875,1,single,14525.119,1565.0,1565.0
320.8614501953125,1,single,265.50937,1565.0,1565.0
35619.046875,2,single,488.7331,1336.190625,2115.0
92165.2734375,4,mfj,1002.3129,0.0,3215.0
177407.3125,2,mfj,23.996136,0.0,2115.0
0.0,2,mfj,72.31904,2115.0,2115.0
80096.40625,6,single,404.90097,1240.71875,4315.0
346038.875,3,mfj,8.784099,0.0,2665.0
102948.6328125,7,mfj,1.7932386,0.0,4865.0
174449.23046875,3,mfj,360.8318,0.0,2665.0
192275.0625,3,mfj,565.9861,0.0,2665.0
124186.15771484375,5,mfj,12.910915,0.0,3765.0
7542.85693359375,4,single,188764.0,3215.0,3215.0
68676.19140625,3,mfj,827.3677,0.0,2665.0
40857.14453125,5,mfj,57.44957,3765.0,3765.0
53811.4189453125,3,mfj,133.60623,0.0,2665.0
150611.1875,6,single,983.40656,0.0,4315.0
158693.203125,3,mfj,30.50046,0.0,2665.0
247456.6875,3,mfj,1.6851658,0.0,2665.0
210079.625,4,mfj,12534.111,0.0,3215.0
84235.9375,3,mfj,1126.0455,0.0,2665.0
51857.14257812499,4,single,770.09827,2488.5714843750015,3215.0
88000.0,2,mfj,15.007473,0.0,2115.0
29233.333984375,2,single,919.0235,2115.0,2115.0
0.7287788391113281,1,single,1116.1212,1565.0,1565.0
130161.02734375,4,mfj,1533.8964,0.0,3215.0
50225.353515625,3,mfj,13418.29,614.929296875,2665.0
56993.34765625,1,single,0.65573317,0.0,1565.0
0.7287788391113281,2,single,2176.1118,2115.0,2115.0
11553.135009765625,6,single,125986.77,4315.0,4315.0
53041.86328125,2,mfj,1009.1145,0.0,2115.0
58271.765625,3,mfj,658.35455,0.0,2665.0
29802.6796875,1,single,716.8538,299.4640625,1565.0
485031.671875,2,mfj,148.91359,0.0,2115.0
30741.53125,1,single,100010.22,111.69375,1565.0
142514.8125,2,mfj,755.62756,0.0,2115.0
216923.609375,5,mfj,2.3946857,0.0,3765.0
68993.015625,1,single,1112.0032,0.0,1565.0
202499.8359375,2,mfj,0.7695003,0.0,2115.0
305820.7109375,2,mfj,13.95582,0.0,2115.0
10935.8603515625,1,single,1714.1251,1565.0,1565.0
95560.06372070314,6,single,1213.9559,0.0,4315.0
16654.92919921875,3,mfj,20362.107,2665.0,2665.0
4493.3056640625,1,single,57.689392,1565.0,1565.0
58356.8046875,3,mfj,884.2614,0.0,2665.0
0.0,4,single,386.46796,3215.0,3215.0
86890.953125,2,mfj,203.92505,0.0,2115.0
24402.72265625,5,mfj,3.2771373,3765.0,3765.0
82300.2060546875,5,mfj,457.03766,0.0,3765.0
172180.953125,2,single,86517.3,0.0,2115.0
77302.63861083984,7,single,265.0296,3999.472277832031,4865.0
57619.046875,5,single,378.32993,3536.1906249999997,3765.0
55920.19921875,3,mfj,0.49928796,0.0,2665.0
19042.931640625,1,single,0.000489875,1565.0,1565.0
61447.19921875,1,single,6.0737166e-05,0.0,1565.0
43447.1015625,2,single,0.017933471,0.0,2115.0
21341.052734375,2,mfj,0.00026857379,2115.0,2115.0
97739.234375,2,mfj,0.0010670307,0.0,2115.0
10066.4326171875,1,single,0.00034510746,1565.0,1565.0
229394.828125,2,mfj,0.008842357,0.0,2115.0
148966.859375,4,mfj,0.0018103629,0.0,3215.0
23385.462890625,3,single,0.009404058,2665.0,2665.0
241325.9921875,7,mfj,0.010086812,0.0,4865.0
20131.17626953125,3,single,0.0013768981,2665.0,2665.0
42260.02246093749,6,single,0.0021527885,4315.0,4315.0
30306.9375,1,single,0.00041993777,198.61249999999998,1565.0
107223.875,4,mfj,0.7163148,0.0,3215.0
16713.0771484375,4,single,0.00032778343,3215.0,3215.0
77054.673828125,3,single,0.0023362855,0.0,2665.0
69973.9912109375,2,mfj,6.562265e-05,0.0,2115.0
33475.63671875,1,single,3.9190087e-05,0.0,1565.0
32763.388671875,1,single,0.0010015027,0.0,1565.0
85141.4296875,2,mfj,0.04823164,0.0,2115.0
51573.560546875,2,mfj,0.00018373877,0.0,2115.0
126063.19140625,2,mfj,0.00076252804,0.0,2115.0
10268.236328125,1,single,0.00021435972,1565.0,1565.0
145182.015625,3,mfj,0.021186206,0.0,2665.0
14007.5361328125,3,single,0.008460741,2665.0,2665.0
33071.20703125,2,mfj,0.027837085,1845.75859375,2115.0
171372.3828125,2,mfj,0.0021526383,0.0,2115.0
991148.875,2,mfj,0.061908007,0.0,2115.0
279017.4765625,4,mfj,0.00038134653,0.0,3215.0
124522.83203125001,4,single,1.5702934e-05,0.0,3215.0
145243.654296875,4,single,6.239014e-05,0.0,3215.0
61100.3505859375,3,mfj,0.010575736,0.0,2665.0
38783.84375,1,single,0.004994317,0.0,1565.0
127677.953125,1,single,0.010546287,0.0,1565.0
113287.828125,6,single,0.00034336644,0.0,4315.0
103560.3828125,4,mfj,0.0011238705,0.0,3215.0
20939.072265625,2,mfj,0.025577705,2115.0,2115.0
63103.8515625,5,mfj,0.00036846378,2439.2296875,3765.0
61600.306640625,3,single,0.014168374,0.0,2665.0
71954.859375,1,single,0.0026662233,0.0,1565.0
150424.05200195312,8,mfj,0.00069026183,0.0,4865.0
87148.4140625,2,mfj,0.05652629,0.0,2115.0
77919.82702636719,4,single,0.00038012885,0.0,3215.0
278375.015625,3,mfj,0.0006650948,0.0,2665.0
12451.4365234375,5,mfj,0.0017919146,3765.0,3765.0
14007.5361328125,2,single,0.012008681,2115.0,2115.0
10268.236328125,7,single,0.00062446215,4865.0,4865.0
68610.359375,3,mfj,0.000397127,0.0,2665.0
122371.970703125,4,mfj,0.0040810523,0.0,3215.0
321096.763671875,3,mfj,8.055371,0.0,2665.0
147232.169921875,5,single,0.044896234,0.0,3765.0
303202.3125,2,mfj,191.35962,0.0,2115.0
185926.359375,3,mfj,0.00045661777,0.0,2665.0
0.0,1,single,0.006386785,1565.0,1565.0
27184.115234375,1,single,0.00045983173,823.176953125,1565.0
185006.203125,2,mfj,0.0014346612,0.0,2115.0
114995.5009765625,4,mfj,0.0008333656,0.0,3215.0
13662.58740234375,2,mfj,0.0008838625,2115.0,2115.0
3224538.25,3,mfj,0.036847856,0.0,2665.0
165977.578125,2,mfj,3.9869938e-06,0.0,2115.0
237720.71875,6,mfj,0.019745158,0.0,4315.0
91964.7041015625,6,single,0.08123077,0.0,4315.0
0.0,1,single,0.00081878353,1565.0,1565.0
149385.1328125,3,mfj,0.002537418,0.0,2665.0
146117.828125,3,mfj,0.0074293646,0.0,2665.0
119648.697265625,2,mfj,0.00076158874,0.0,2115.0
97669.853515625,2,mfj,0.0014954936,0.0,2115.0
163489.96875,3,single,0.04426114,0.0,2665.0
39860.89453125,2,mfj,0.0020212843,487.82109375,2115.0
112486.267578125,4,mfj,0.806084,0.0,3215.0
287519.3125,5,mfj,0.8559708,0.0,3765.0
152009.27490234375,4,mfj,0.011953032,0.0,3215.0
29320.859375,1,single,0.0008416763,395.82812500000006,1565.0
34460.18798828125,3,mfj,0.0064997766,2665.0,2665.0
17568.7734375,1,single,0.001856907,1565.0,1565.0
38783.84375,1,single,0.0030972518,0.0,1565.0
123077.81640625,3,mfj,0.0022617092,0.0,2665.0
255939.515625,2,mfj,0.044022456,0.0,2115.0
8000.91455078125,1,single,0.00090692757,1565.0,1565.0
9126.390625,2,mfj,1.690145e-05,2115.0,2115.0
73444.0625,3,mfj,7.4015865e-05,0.0,2665.0
147824.4375,3,mfj,0.11066973,0.0,2665.0
82863.2109375,2,mfj,0.0044786753,0.0,2115.0
139739.234375,2,mfj,0.000109951725,0.0,2115.0
151827.83984375,5,single,0.007109267,0.0,3765.0
42606.6875,1,single,0.00018646545,0.0,1565.0
49717.7080078125,3,mfj,0.0012114479,716.4583984375,2665.0
178056.1162109375,2,mfj,0.0013413574,0.0,2115.0
1581.6224365234375,1,single,2.753634e-05,1565.0,1565.0
29205.564453125,1,single,797.2486,418.88710937499997,1565.0
16963.36328125,4,single,0.00034608357,3215.0,3215.0
280224.84375,3,mfj,0.011505287,0.0,2665.0
108170.1328125,5,mfj,856.5091,0.0,3765.0
92426.375,5,mfj,0.0026926012,0.0,3765.0
60196.78125,2,mfj,0.29637426,0.0,2115.0
100272.8125,1,single,5.0546994e-05,0.0,1565.0
105742.0244140625,3,mfj,0.013623346,0.0,2665.0
85308.2265625,2,mfj,1.3086904,0.0,2115.0
65519.58203125,1,single,2.7109772e-07,0.0,1565.0
202046.421875,3,mfj,0.0013429228,0.0,2665.0
59456.369140625,2,mfj,0.13742726,0.0,2115.0
27482.017578125,1,single,0.302966,763.596484375,1565.0
74602.3984375,1,single,0.00028472312,0.0,1565.0
0.0,1,single,0.00079583947,1565.0,1565.0
85414.5390625,2,mfj,0.0010925621,0.0,2115.0
42872.0,1,single,0.0007745965,0.0,1565.0
224798.033203125,3,mfj,0.0035895733,0.0,2665.0
120008.75390625,5,single,0.002953299,0.0,3765.0
165908.0458984375,4,mfj,0.08367302,0.0,3215.0
47483.171875,1,single,0.00017923658,0.0,1565.0
150254.5517578125,5,single,0.0504178,0.0,3765.0
6299.723388671875,3,mfj,0.0035431068,2665.0,2665.0
0.0,1,single,8.095658e-05,1565.0,1565.0
84880.150390625,2,mfj,0.00362544,0.0,2115.0
179852.375,2,mfj,0.0025059057,0.0,2115.0
152331.546875,5,mfj,0.00015415071,0.0,3765.0
105759.71875,2,mfj,0.006311945,0.0,2115.0
38785.86328125,1,single,9.377934e-05,0.0,1565.0
73845.8125,2,mfj,0.0002608769,0.0,2115.0
108549.171875,2,mfj,0.32083613,0.0,2115.0
41901.87890625,1,single,0.004760551,0.0,1565.0
47283.171875,1,single,0.0017528228,0.0,1565.0
31101.4765625,1,single,0.006218386,39.7046875,1565.0
160061.453125,4,mfj,0.011410019,0.0,3215.0
21261.96484375,1,single,0.08978218,1565.0,1565.0
766409.4296875,8,mfj,331.83847,0.0,4865.0
119402.0234375,2,mfj,0.022847395,0.0,2115.0
82537.4375,2,mfj,34.17354,0.0,2115.0
670899.32421875,2,mfj,0.2067552,0.0,2115.0
60714.86767578125,5,single,0.034965083,2917.02646484375,3765.0
74602.3984375,2,single,0.0011270371,0.0,2115.0
160189.4609375,3,mfj,0.0004700363,0.0,2665.0
386781.53515625,5,mfj,1.6037712,0.0,3765.0
724954.65625,4,mfj,0.00031032113,0.0,3215.0
45583.84375,1,single,0.009284164,0.0,1565.0
53232.33154296875,5,mfj,0.00024849744,3765.0,3765.0
15109.7353515625,3,mfj,0.0010124621,2665.0,2665.0
125186.77734375,2,mfj,0.002188123,0.0,2115.0
9983.3369140625,1,single,0.0031269153,1565.0,1565.0
75259.53515625,2,mfj,0.00016947949,0.0,2115.0
123774.0068359375,5,mfj,0.0001680841,0.0,3765.0
47483.171875,1,single,0.00044919088,0.0,1565.0
6326.1328125,1,single,0.00034521386,1565.0,1565.0
40461.83203125,3,mfj,0.003128243,2567.6335937500003,2665.0
35461.45703125,3,mfj,0.0014261504,2665.0,2665.0
48406.099609375,4,mfj,0.31591743,3178.780078125,3215.0
56706.875,4,mfj,0.0003348751,1518.625,3215.0
35949.15625,1,single,0.00040883818,0.0,1565.0
163939.859375,2,mfj,0.31785282,0.0,2115.0
73140.45556640625,7,mfj,0.1746409,4831.90888671875,4865.0
62677.78515625,1,single,0.0002653511,0.0,1565.0
111492.49169921875,3,mfj,0.0008374899,0.0,2665.0
107328.75,2,mfj,0.012524191,0.0,2115.0
275498.302734375,5,mfj,0.0072333626,0.0,3765.0
135815.7216796875,4,single,0.0024775274,0.0,3215.0
29410.62109375,4,single,0.0034273225,3215.0,3215.0
4024.19873046875,1,single,0.00011104417,1565.0,1565.0
49419.9140625,1,single,0.025509,0.0,1565.0
39327.275390625,4,single,0.00044422614,3215.0,3215.0
118378.92578124999,4,mfj,0.0008236231,0.0,3215.0
43918.05859375,1,single,0.0019219241,0.0,1565.0
25997.037109375,1,single,0.14911702,1060.592578125,1565.0
87895.8828125,1,single,0.0004528254,0.0,1565.0
137499.0643005371,6,mfj,0.008262626,0.0,4315.0
124300.20117187499,6,single,0.20010412,0.0,4315.0
50805.61328125,3,single,0.00011970739,498.87734375,2665.0
119691.9296875,1,single,0.049567316,0.0,1565.0
157322.765625,2,mfj,0.0066205948,0.0,2115.0
308184.60546875,3,mfj,0.20727645,0.0,2665.0
263846.0048828125,6,mfj,4200.62,0.0,4315.0
62677.78515625,1,single,0.0013458937,0.0,1565.0
221372.94921875,6,mfj,0.00050483533,0.0,4315.0
41346.4296875,2,single,0.013407406,190.71406249999998,2115.0
28252.486328125,2,single,0.1606216,2115.0,2115.0
43997.96484375,1,single,0.00014267734,0.0,1565.0
91006.435546875,2,mfj,0.0004991058,0.0,2115.0
561820.5625,2,mfj,0.6661075,0.0,2115.0
171484.171875,2,mfj,0.0031159907,0.0,2115.0
112896.556640625,2,mfj,0.0010849385,0.0,2115.0
79102.740234375,4,mfj,0.026109124,0.0,3215.0
164117.015625,4,single,0.0028832073,0.0,3215.0
21572.44921875,2,mfj,0.0010824414,2115.0,2115.0
538793.140625,2,mfj,25105.797,0.0,2115.0
333802.5959472656,8,mfj,118848.125,0.0,4865.0
9397.0458984375,1,single,0.00015802734,1565.0,1565.0
34306.58984375,1,single,0.00094954355,0.0,1565.0
470788.65625,4,mfj,0.0014147088,0.0,3215.0
46889.6328125,4,single,0.0015533951,3215.0,3215.0
148762.474609375,3,mfj,0.00076328765,0.0,2665.0
450597.05859375,5,mfj,0.004302369,0.0,3765.0
220042.5,3,single,0.00079612026,0.0,2665.0
77978.5576171875,4,mfj,3.163175e-05,0.0,3215.0
38069.6328125,4,single,0.0012865103,3215.0,3215.0
2338839.0,4,mfj,2.962311,0.0,3215.0
11394.927734375,1,single,0.00040387496,1565.0,1565.0
61743.078125,4,mfj,0.0008258479,511.384375,3215.0
56410.76171875,3,mfj,0.019243155,0.0,2665.0
102866.40380859375,3,mfj,0.0019371761,0.0,2665.0
49061.82421875,1,single,0.006143321,0.0,1565.0
241797.458984375,4,mfj,0.4568419,0.0,3215.0
39604.572265625,2,mfj,8.1042366e-05,539.085546875,2115.0
325365.0546875,9,mfj,0.00026380803,0.0,4865.0
136976.7734375,2,mfj,0.0022040193,0.0,2115.0
97508.3955078125,4,single,0.0062168865,0.0,3215.0
133993.65625,2,mfj,0.0017947225,0.0,2115.0
172574.14990234375,4,mfj,0.057396986,0.0,3215.0
647874.5625,6,single,0.015110303,0.0,4315.0
21805.427734375,1,single,1.0622556e-05,1565.0,1565.0
22791.921875,2,mfj,0.0017090834,2115.0,2115.0
365399.03125,4,mfj,0.00014140895,0.0,3215.0
115914.0,1,single,0.0027631468,0.0,1565.0
122160.462890625,3,mfj,0.0014364131,0.0,2665.0
13033.169921875,2,mfj,0.0005116139,2115.0,2115.0
39363.96875,1,single,8.82444e-06,0.0,1565.0
87133.71875,2,mfj,0.0022161088,0.0,2115.0
155406.4375,2,mfj,0.0023346068,0.0,2115.0
41488.2890625,2,mfj,1.0934813,162.34218750000002,2115.0
47303.04296875,2,mfj,0.0010132334,0.0,2115.0
61255.74609375,4,mfj,0.00017568497,608.8507812500001,3215.0
21636.408203125,1,single,0.8369632,1565.0,1565.0
415263.875,2,mfj,0.11006465,0.0,2115.0
608712.0,1,single,777.9601,0.0,1565.0
3464.641357421875,2,mfj,0.0009506845,2115.0,2115.0
176062.421875,3,mfj,0.39220577,0.0,2665.0
18043.60546875,1,single,0.0035327503,1565.0,1565.0
45322.07421875,4,mfj,0.14060697,3215.0,3215.0
238801.390625,2,mfj,0.030243361,0.0,2115.0
317299.71875,4,mfj,0.001942012,0.0,3215.0
60422.63623046875,3,mfj,0.009229094,0.0,2665.0
105495.3828125,2,mfj,0.0062281387,0.0,2115.0
128765.94921875,5,single,0.004668987,0.0,3765.0
73708.513671875,3,mfj,0.36233592,0.0,2665.0
62503.59375,3,mfj,0.0002070026,0.0,2665.0
79977.3828125,1,single,0.011448239,0.0,1565.0
128286.958984375,3,mfj,0.0004413465,0.0,2665.0
49232.4140625,4,mfj,0.0019103147,3013.5171875,3215.0
57869.92578125,4,mfj,0.00035896356,1286.01484375,3215.0
19970.035762786865,2,mfj,1.0440028e-05,2115.0,2115.0
50739.37109375,2,mfj,0.0013464144,0.0,2115.0
77660.34375,3,mfj,0.011373851,0.0,2665.0
69663.46875,2,mfj,0.016149634,0.0,2115.0
50977.78515625,1,single,7.954811e-05,0.0,1565.0
13151.83203125,2,mfj,0.002097364,2115.0,2115.0
46002.21484375,1,single,0.00087563146,0.0,1565.0
21723.55078125,1,single,3.6427708e-05,1565.0,1565.0
78464.451171875,5,mfj,0.00034895685,0.0,3765.0
207059.69140625,4,mfj,0.10869242,0.0,3215.0
755665.5625,3,mfj,50775.695,0.0,2665.0
209220.97070312503,4,mfj,0.006378044,0.0,3215.0
95502.3515625,2,mfj,0.040644314,0.0,2115.0
204336.640625,1,single,0.20182261,0.0,1565.0
129747.0703125,4,mfj,0.08641959,0.0,3215.0
69740.84375,2,mfj,0.0033457978,0.0,2115.0
81379.2421875,3,mfj,0.00043088567,0.0,2665.0
113281.822265625,3,mfj,0.0035485306,0.0,2665.0
13057.8720703125,1,single,0.13763852,1565.0,1565.0
160390.09375,3,single,0.010707522,0.0,2665.0
23404.4140625,1,single,0.013953471,1565.0,1565.0
6195.8486328125,4,mfj,0.00078463514,3215.0,3215.0
251615.390625,2,mfj,36698.836,0.0,2115.0
400345.375,2,mfj,0.65087837,0.0,2115.0
26737.728515625,2,mfj,0.002105932,2115.0,2115.0
141182.5126953125,2,mfj,0.00012889941,0.0,2115.0
0.0,1,single,0.000116835276,1565.0,1565.0
35960.75,2,mfj,0.0046189157,1267.85,2115.0
197306.76171875,5,mfj,1.7106695e-05,0.0,3765.0
76489.640625,3,mfj,0.004035759,0.0,2665.0
96924.40625,3,mfj,0.0020271817,0.0,2665.0
9344.986328125,2,mfj,0.0053193704,2115.0,2115.0
34453.4794921875,3,mfj,0.0029061101,2665.0,2665.0
36361.8125,1,single,0.00563168,0.0,1565.0
84222.984375,2,mfj,0.011989895,0.0,2115.0
53697.4765625,3,mfj,2.9240407e-05,0.0,2665.0
27184.115234375,1,single,0.00065425923,823.176953125,1565.0
30897.84375,1,single,0.0003809398,80.43125,1565.0
146212.28125,4,mfj,0.011170728,0.0,3215.0
353943.4296875,4,mfj,0.0008620405,0.0,3215.0
93673.1171875,1,single,0.0005274394,0.0,1565.0
146149.296875,2,mfj,0.072514705,0.0,2115.0
143472.1689453125,4,mfj,0.017070716,0.0,3215.0
162425.939453125,6,mfj,0.0010670574,0.0,4315.0
188460.2421875,3,mfj,0.0066394466,0.0,2665.0
128482.3828125,2,mfj,0.00018571904,0.0,2115.0
77592.7890625,2,mfj,6.8808506e-05,0.0,2115.0
157374.244140625,3,mfj,0.00037646593,0.0,2665.0
130607.078125,2,mfj,0.0057230173,0.0,2115.0
26450.9873046875,3,single,0.003985453,2665.0,2665.0
101131.96875,5,mfj,0.0006364444,0.0,3765.0
155721.75,2,mfj,0.0002521183,0.0,2115.0
280162.494140625,6,single,0.0008592528,0.0,4315.0
21254.505859375,3,single,0.00035088335,2665.0,2665.0
132314.689453125,5,single,0.00096956966,0.0,3765.0
43873.078125,1,single,0.0067300005,0.0,1565.0
121613.53955078125,4,mfj,0.0029464508,0.0,3215.0
23193.40625,2,mfj,7.605182e-05,2115.0,2115.0
71813.041015625,2,mfj,5.360529e-05,0.0,2115.0
259372.79296875,5,single,7.5437427,0.0,3765.0
70497.546875,1,single,0.0036784064,0.0,1565.0
75296.671875,3,mfj,0.07743946,0.0,2665.0
136179.4609375,3,mfj,0.007300398,0.0,2665.0
37850.98046875,3,mfj,0.00043806699,2665.0,2665.0
79335.9453125,3,mfj,0.0038803872,0.0,2665.0
159378.5,4,mfj,0.052572176,0.0,3215.0
66966.28125,3,mfj,0.008761818,0.0,2665.0
23147.708984375,3,single,4.756472e-05,2665.0,2665.0
33471.9814453125,3,mfj,0.0063047456,2665.0,2665.0
135656.375,6,single,0.00013169875,0.0,4315.0
60207.275390625,2,mfj,0.00058086484,0.0,2115.0
141907.34765625,3,single,0.0034629924,0.0,2665.0
154269.57421875,3,mfj,0.00082901935,0.0,2665.0
147184.5,2,mfj,0.4097085,0.0,2115.0
224744.23437499997,5,mfj,0.0031466282,0.0,3765.0
27175.072265625,2,single,0.0002458057,2115.0,2115.0
181120.0390625,5,mfj,0.005843117,0.0,3765.0
101355.4140625,5,mfj,0.0005239565,0.0,3765.0
137127.40625,2,mfj,0.0019434645,0.0,2115.0
17687.482421875,1,single,0.00023838186,1565.0,1565.0
0.0,2,mfj,0.0015787691,2115.0,2115.0
70886.1328125,3,mfj,0.010437023,0.0,2665.0
50929.421875,2,mfj,4.8122518e-05,0.0,2115.0
300582.625,2,mfj,0.00057372457,0.0,2115.0
0.0,1,single,7.520146e-05,1565.0,1565.0
145149.078125,4,mfj,0.0015223062,0.0,3215.0
204867.5,2,mfj,0.012728784,0.0,2115.0
0.0,2,mfj,0.00056761,2115.0,2115.0
35611.609375,2,mfj,0.00047132923,1337.6781250000001,2115.0
128127.765625,4,single,0.0014794959,0.0,3215.0
62263.94140625,3,mfj,5.0881124e-05,0.0,2665.0
114621.1640625,4,mfj,0.012076665,0.0,3215.0
79093.359375,4,mfj,0.0027554103,0.0,3215.0
250190.8515625,3,mfj,20.792551,0.0,2665.0
26795.689453125,1,single,0.0022927038,900.8621093749999,1565.0
79014.078125,3,mfj,9.434441e-05,0.0,2665.0
131176.9013671875,5,mfj,0.013970256,0.0,3765.0
235062.9375,2,mfj,0.003488466,0.0,2115.0
164588.15625,3,mfj,0.00019970347,0.0,2665.0
133766.546875,4,mfj,0.00015492205,0.0,3215.0
254062.7109375,5,mfj,0.0011910712,0.0,3765.0
295603.34375,2,mfj,0.03119195,0.0,2115.0
158447.34375,3,mfj,0.024215525,0.0,2665.0
22640.912109375,1,single,0.00013612308,1565.0,1565.0
170278.5390625,8,single,0.008740801,0.0,4865.0
42628.39453125,1,single,0.00021375465,0.0,1565.0
24972.318359375,1,single,9.722107e-05,1265.536328125,1565.0
84034.453125,1,single,0.033149254,0.0,1565.0
21636.408203125,1,single,0.04028268,1565.0,1565.0
158790.33984375,4,single,0.09442505,0.0,3215.0
80894.265625,1,single,0.0013905482,0.0,1565.0
53199.205078125,2,mfj,0.038930725,0.0,2115.0
51268.90625,3,mfj,0.0058747875,406.21875000000006,2665.0
118403.296875,3,single,0.00043167407,0.0,2665.0
45324.791015625,3,mfj,0.012151517,1595.0417968749998,2665.0
0.0,2,mfj,0.0022603138,2115.0,2115.0
84903.427734375,3,mfj,0.00057333795,0.0,2665.0
0.0,1,single,0.0004263504,1565.0,1565.0
30495.017578125,2,mfj,0.0013388867,2115.0,2115.0
123168.078125,3,mfj,0.0006866713,0.0,2665.0
458344.6875,2,mfj,227374.1,0.0,2115.0
85414.5390625,1,single,0.015505779,0.0,1565.0
28294.265625,1,single,0.6183209,601.146875,1565.0
217035.505859375,3,mfj,0.013711026,0.0,2665.0
197028.78125,1,single,0.001457057,0.0,1565.0
120728.927734375,3,mfj,0.0013368445,0.0,2665.0
94933.958984375,2,mfj,0.0007733947,0.0,2115.0
156059.2939453125,5,mfj,0.00014037521,0.0,3765.0
118622.00341796875,4,mfj,7.096992e-05,0.0,3215.0
64962.37109375,2,mfj,0.00045094793,0.0,2115.0
153140.9140625,8,single,0.001408411,0.0,4865.0
23214.9013671875,3,mfj,0.00076635444,2665.0,2665.0
20865.83203125,2,mfj,0.0001039601,2115.0,2115.0
480367.71875,2,mfj,0.00031159734,0.0,2115.0
132203.28125,5,mfj,0.0004056935,0.0,3765.0
191727.890625,2,mfj,0.045064244,0.0,2115.0
65845.056640625,4,mfj,0.0011117521,0.0,3215.0
141700.53515625,6,mfj,0.07880408,0.0,4315.0
220648.7890625,4,single,0.00061335193,0.0,3215.0
0.0,1,single,1.8987019e-05,1565.0,1565.0
66465.4296875,3,single,0.0013227176,0.0,2665.0
27615.072265625,2,single,0.0002863003,2115.0,2115.0
128536.140625,2,mfj,0.00037722013,0.0,2115.0
28429.7421875,2,mfj,0.00026390958,2115.0,2115.0
155653.81640625,3,mfj,0.0009324031,0.0,2665.0
18582.982421875,2,mfj,0.00018498294,2115.0,2115.0
238127.80615234378,8,mfj,0.004916433,0.0,4865.0
81300.6650390625,3,mfj,0.00067794364,0.0,2665.0
0.0,1,single,0.0023876664,1565.0,1565.0
174855.1875,5,mfj,0.0038789706,0.0,3765.0
198388.8798828125,4,mfj,1.611472,0.0,3215.0
71511.1640625,2,mfj,0.04710715,0.0,2115.0
72410.455078125,3,single,7.906886e-05,0.0,2665.0
469740.21875,2,mfj,304.132,0.0,2115.0
249334.96875,4,mfj,0.07240908,0.0,3215.0
20282.796875,2,mfj,0.00028716764,2115.0,2115.0
52507.0732421875,2,mfj,0.0030215967,0.0,2115.0
44390.3046875,1,single,0.00059636065,0.0,1565.0
35949.15625,1,single,0.0006940038,0.0,1565.0
188812.27929687497,7,single,0.0058090133,0.0,4865.0
176985.9990234375,4,mfj,0.0005283906,0.0,3215.0
55590.03515625,1,single,2.7359494e-05,0.0,1565.0
261672.37890625,3,mfj,0.005067282,0.0,2665.0
82984.388671875,3,single,0.002904333,0.0,2665.0
26026.97265625,2,mfj,0.006709563,2115.0,2115.0
11989.5009765625,2,mfj,0.002779617,2115.0,2115.0
132121.921875,1,single,0.04622358,0.0,1565.0
506081.2971191406,5,mfj,19258.139,0.0,3765.0
70523.12939453125,3,mfj,0.000118864584,0.0,2665.0
45019.9140625,2,mfj,0.00025333132,0.0,2115.0
32380.310546875,3,mfj,0.0015423688,2665.0,2665.0
205649.724609375,4,mfj,0.001832285,0.0,3215.0
4047.9404296875,2,single,0.0003141455,2115.0,2115.0
139318.4140625,2,mfj,0.0022945532,0.0,2115.0
127961.5546875,2,mfj,3.662397e-05,0.0,2115.0
10656.5009765625,2,mfj,0.0012404143,2115.0,2115.0
44652.21484375,1,single,0.00013949907,0.0,1565.0
27212.81982421875,4,mfj,0.00072413863,3215.0,3215.0
47419.43115234375,4,mfj,6.6715725e-06,3215.0,3215.0
194134.609375,2,mfj,0.0011566138,0.0,2115.0
73403.359375,4,mfj,0.0020733627,0.0,3215.0
25594.18359375,2,mfj,9.890517e-05,2115.0,2115.0
51522.984375,3,single,1.9707148e-05,355.403125,2665.0
26353.16015625,3,single,0.1194044,2665.0,2665.0
36769.630859375,3,mfj,0.00063072407,2665.0,2665.0
46677.0712890625,4,mfj,0.0006870939,3215.0,3215.0
93084.0,4,mfj,0.0008345792,0.0,3215.0
807.2139282226562,4,mfj,0.015736056,3215.0,3215.0
110336.53125,2,mfj,0.0018493986,0.0,2115.0
146928.796875,4,mfj,0.00156906,0.0,3215.0
18178.42578125,1,single,0.048542716,1565.0,1565.0
57365.609375,2,mfj,0.017217321,0.0,2115.0
28294.265625,5,single,0.00041274403,3765.0,3765.0
131659.3359375,2,mfj,0.00010616747,0.0,2115.0
188051.109375,2,mfj,0.0004957409,0.0,2115.0
54923.85546875,2,mfj,173316.6,0.0,2115.0
78076.28125,2,mfj,0.00081378786,0.0,2115.0
0.0,1,single,9.350515e-05,1565.0,1565.0
36583.078125,1,single,0.0007058194,0.0,1565.0
132699.400390625,3,mfj,0.021583468,0.0,2665.0
89720.3681640625,2,mfj,0.011089837,0.0,2115.0
231466.703125,3,mfj,1.6018697,0.0,2665.0
0.0,1,single,0.0014669172,1565.0,1565.0
26946.69921875,1,single,2.618575e-05,870.66015625,1565.0
70290.2421875,3,mfj,0.0011054974,0.0,2665.0
69949.8203125,3,mfj,0.002785131,0.0,2665.0
258947.28125000003,6,single,1.8085715,0.0,4315.0
106489.984375,3,mfj,0.006412929,0.0,2665.0
66475.552734375,2,mfj,0.0007826866,0.0,2115.0
396373.99560546875,6,mfj,0.1915912,0.0,4315.0
59857.57421875,2,mfj,0.00081235886,0.0,2115.0
115249.34765625,5,single,0.056821592,0.0,3765.0
52691.46875,2,mfj,0.0002205451,0.0,2115.0
205357.8759765625,4,mfj,4.2968783,0.0,3215.0
269773.455078125,5,mfj,0.044214938,0.0,3765.0
35628.953125,1,single,0.005595663,0.0,1565.0
32303.2890625,2,mfj,0.0023767618,1999.3421875,2115.0
544948.953125,3,mfj,223352.56,0.0,2665.0
92362.8515625,2,mfj,0.0001841891,0.0,2115.0
682754.9375,7,single,8.065663e-05,0.0,4865.0
190344.390625,2,mfj,0.0010487179,0.0,2115.0
110813.640625,2,mfj,0.0005773176,0.0,2115.0
273937.5625,5,mfj,0.0017117304,0.0,3765.0
57752.9140625,6,single,0.011403249,4315.0,4315.0
0.0,1,single,0.00026594693,1565.0,1565.0
81221.67578125,3,mfj,2.533693,0.0,2665.0
9045.5439453125,1,single,0.00031295733,1565.0,1565.0
80527.6171875,3,single,0.0023945565,0.0,2665.0
87811.4921875,5,mfj,0.0027890748,0.0,3765.0
26261.1640625,2,mfj,0.0013445939,2115.0,2115.0
102055.8203125,3,mfj,0.028211365,0.0,2665.0
1923606.9580078125,4,mfj,0.0074428148,0.0,3215.0
402480.40625,3,mfj,0.030574292,0.0,2665.0
164587.296875,4,mfj,0.01683276,0.0,3215.0
134584.78125,5,mfj,6.0490696e-05,0.0,3765.0
82778.0703125,2,mfj,0.00018601042,0.0,2115.0
64230.3046875,4,mfj,280.66415,13.939062499999999,3215.0
45583.84375,2,single,0.008612421,0.0,2115.0
39860.89453125,1,single,0.0041847024,0.0,1565.0
22511.328125,2,single,0.12962772,2115.0,2115.0
0.0,4,mfj,0.007959763,3215.0,3215.0
113370.572265625,5,mfj,243177.25,0.0,3765.0
60644.984375,1,single,0.00054387964,0.0,1565.0
27491.453125,1,single,0.001943034,761.709375,1565.0
114960.3291015625,4,mfj,0.002555184,0.0,3215.0
42546.4296875,1,single,1.243466e-05,0.0,1565.0
7905.9482421875,1,single,0.00015496337,1565.0,1565.0
40083.20703125,5,mfj,0.00034305424,3765.0,3765.0
73827.2734375,5,mfj,0.0036816706,294.54531249999997,3765.0
361204.5625,2,mfj,0.483476,0.0,2115.0
363087.8544921875,3,mfj,6.742543,0.0,2665.0
128296.32568359375,4,mfj,0.007328756,0.0,3215.0
13031.1494140625,2,mfj,0.00044722078,2115.0,2115.0
205405.046875,2,mfj,0.13938178,0.0,2115.0
43896.765625,2,mfj,0.00031723618,0.0,2115.0
30511.71875,2,mfj,0.00028138803,2115.0,2115.0
50799.7578125,4,mfj,0.0006635322,2700.0484375,3215.0
29270.990234375,4,mfj,0.33775273,3215.0,3215.0
57089.404296875,2,mfj,0.21446377,0.0,2115.0
102199.78125,1,single,0.000768203,0.0,1565.0
88057.6357421875,4,mfj,0.007830248,0.0,3215.0
75006.5703125,1,single,0.00040298168,0.0,1565.0
71160.98828125,4,mfj,0.06808045,0.0,3215.0
2061.255126953125,2,mfj,0.000115776944,2115.0,2115.0
88599.724609375,3,mfj,0.00073820516,0.0,2665.0
17903.294921875,3,mfj,0.0077380207,2665.0,2665.0
19468.099609375,1,single,0.0055809654,1565.0,1565.0
73408.1875,5,mfj,0.005735702,378.3625,3765.0
0.0,1,single,0.0005955888,1565.0,1565.0
179251.34765625,4,single,0.0004668392,0.0,3215.0
37223.9140625,1,single,0.025862513,0.0,1565.0
324741.0625,4,mfj,0.051888403,0.0,3215.0
348454.125,3,mfj,0.0013521808,0.0,2665.0
147699.21875,2,mfj,0.00058651774,0.0,2115.0
222561.765625,3,mfj,0.05047973,0.0,2665.0
62753.083984375,2,mfj,0.00088039046,0.0,2115.0
38783.84375,3,single,0.00086071977,2665.0,2665.0
74408.6533203125,4,mfj,0.0022175808,0.0,3215.0
1391.7825927734375,1,single,0.0016819297,1565.0,1565.0
24180.8056640625,2,mfj,0.00027311192,2115.0,2115.0
93986.453125,2,mfj,2.2099151e-05,0.0,2115.0
82051.8671875,1,single,0.0018462876,0.0,1565.0
122861.0107421875,4,mfj,0.0008328978,0.0,3215.0
97977.17797851562,2,mfj,0.0007205642,0.0,2115.0
139269.80078125,3,mfj,0.00048353238,0.0,2665.0
329920.4375,5,mfj,0.00022491395,0.0,3765.0
23197.037109375,1,single,0.09518562,1565.0,1565.0
70782.4560546875,4,single,0.011472167,0.0,3215.0
105769.8359375,4,mfj,0.058812436,0.0,3215.0
129845.1953125,5,mfj,0.00040992402,0.0,3765.0
145900.453125,1,single,0.0011556384,0.0,1565.0
101464.671875,3,mfj,0.00026094707,0.0,2665.0
4593.9970703125,1,single,0.10669502,1565.0,1565.0
113287.828125,1,single,0.00048827418,0.0,1565.0
285908.98046875,5,mfj,0.00077706797,0.0,3765.0
143462.59912109375,4,mfj,0.94164884,0.0,3215.0
145894.2109375,4,single,0.020339033,0.0,3215.0
0.0,1,single,0.00017026055,1565.0,1565.0
159812.9375,2,mfj,0.0035792114,0.0,2115.0
70106.01171875,2,mfj,0.35792273,0.0,2115.0
152466.328125,2,mfj,114319.87,0.0,2115.0
174274.6123046875,3,mfj,0.00040867596,0.0,2665.0
79869.001953125,2,mfj,5.5559125e-05,0.0,2115.0
204511.77734375,3,mfj,0.0010012402,0.0,2665.0
159509.359375,2,mfj,0.011599203,0.0,2115.0
30218.149169921875,2,mfj,0.0004997086,2115.0,2115.0
1581.6224365234375,1,single,0.0007834769,1565.0,1565.0
111348.0390625,2,mfj,0.0009218855,0.0,2115.0
82522.890625,2,mfj,0.00055181375,0.0,2115.0
139956.5625,2,mfj,6.311044e-05,0.0,2115.0
73621.140625,3,mfj,0.0004184755,0.0,2665.0
143685.890625,3,mfj,0.00020383058,0.0,2665.0
25423.646484375,1,single,2.1242902e-05,1175.270703125,1565.0
169375.12499999997,7,single,0.0061681294,0.0,4865.0
87306.9169921875,3,mfj,0.0011347145,0.0,2665.0
140831.8125,2,mfj,0.0009555926,0.0,2115.0
83294.1875,1,single,0.010686161,0.0,1565.0
68819.974609375,2,mfj,0.06511615,0.0,2115.0
39300.3046875,3,mfj,0.017416961,2665.0,2665.0
140681.859375,3,mfj,0.13697442,0.0,2665.0
26744.896484375,2,mfj,0.0018386176,2115.0,2115.0
0.0,1,single,0.000461523,1565.0,1565.0
243022.328125,7,mfj,0.002568416,0.0,4865.0
180224.12890625,3,mfj,0.00012833437,0.0,2665.0
74629.4375,3,mfj,0.0035270192,0.0,2665.0
250127.28125,2,mfj,2746.1646,0.0,2115.0
115914.0,1,single,0.00068588275,0.0,1565.0
122663.375,3,mfj,0.0021910963,0.0,2665.0
63874.2265625,3,mfj,0.019393764,0.0,2665.0
53883.55078125,2,mfj,0.011144066,0.0,2115.0
212777.03125,2,mfj,0.0005233482,0.0,2115.0
404968.28125,4,mfj,730.97955,0.0,3215.0
1591.8017578125,2,mfj,0.010694879,2115.0,2115.0
55590.03515625,1,single,0.00036607767,0.0,1565.0
46636.1640625,1,single,0.0039421814,0.0,1565.0
68663.6484375,3,mfj,0.001641716,0.0,2665.0
687378.072265625,3,mfj,0.087153345,0.0,2665.0
119300.0703125,2,mfj,2.7621832e-05,0.0,2115.0
161690.765625,2,mfj,0.0017140586,0.0,2115.0
59152.919921875,4,single,5.790397e-06,1029.416015625,3215.0
42967.046875,1,single,0.013311324,0.0,1565.0
4905.89111328125,2,mfj,0.00036141553,2115.0,2115.0
182419.3388671875,7,single,0.00025497514,0.0,4865.0
153053.765625,3,mfj,0.0015273337,0.0,2665.0
153765.40625,2,mfj,0.0011762121,0.0,2115.0
31368.943603515625,2,mfj,0.017557029,2115.0,2115.0
27529.123046875,2,mfj,0.0018992383,2115.0,2115.0
166929.71875,2,mfj,0.0025240495,0.0,2115.0
91421.30102539062,5,mfj,0.06531552,0.0,3765.0
176436.21875,2,mfj,0.050824653,0.0,2115.0
9829.0166015625,2,mfj,0.0002492764,2115.0,2115.0
247868.0,4,mfj,0.19228975,0.0,3215.0
253995.171875,2,mfj,0.051686905,0.0,2115.0
179167.44921875,3,mfj,0.0019430723,0.0,2665.0
116252.34375,4,mfj,0.0001587522,0.0,3215.0
51406.6640625,3,mfj,6.735118e-05,378.66718749999995,2665.0
90613.5546875,3,mfj,0.00031367355,0.0,2665.0
93636.796875,2,mfj,0.24188957,0.0,2115.0
175726.53125,3,mfj,0.043222815,0.0,2665.0
451323.4375,3,mfj,0.00030618717,0.0,2665.0
13366.51318359375,2,mfj,0.00075540424,2115.0,2115.0
34726.2939453125,2,mfj,0.00021685983,1514.7412109375,2115.0
77294.875,1,single,0.0006868144,0.0,1565.0
19824.224609375,1,single,0.014426419,1565.0,1565.0
29205.564453125,2,mfj,57.471283,2115.0,2115.0
82891.828125,2,mfj,0.0032099541,0.0,2115.0
83779.96875,6,single,0.00030436311,504.00625,4315.0
324741.0625,4,mfj,0.00023060285,0.0,3215.0
613383.328125,2,mfj,0.0040503787,0.0,2115.0
29205.564453125,1,single,1.3427328,418.88710937499997,1565.0
113037.59375,3,mfj,378917.62,0.0,2665.0
26446.69921875,1,single,1.5891845e-05,970.6601562499999,1565.0
41820.828125,4,single,0.008498455,3215.0,3215.0
392309.03125,3,mfj,5.664049,0.0,2665.0
14023.5234375,4,single,0.0047848425,3215.0,3215.0
13863.884765625,3,mfj,0.0052393717,2665.0,2665.0
37223.9140625,2,mfj,0.16876376,1015.2171875,2115.0
151108.890625,4,mfj,0.5065642,0.0,3215.0
203044.234375,2,mfj,0.0034366024,0.0,2115.0
151698.53125,1,single,0.00040033233,0.0,1565.0
22849.197265625,3,mfj,0.033207558,2665.0,2665.0
72246.3671875,1,single,0.004885048,0.0,1565.0
62371.6796875,1,single,0.0005043101,0.0,1565.0
67181.4169921875,3,mfj,0.0009915303,0.0,2665.0
112259.34375,3,mfj,0.003963643,0.0,2665.0
57519.431640625,2,mfj,0.00045039807,0.0,2115.0
0.0,1,single,1.9019853e-05,1565.0,1565.0
37691.3115234375,2,mfj,0.003709876,921.7376953125,2115.0
26026.97265625,2,mfj,0.14523956,2115.0,2115.0
0.0,1,single,4.9292066e-05,1565.0,1565.0
47839.294921875,2,mfj,0.007042036,0.0,2115.0
433437.021484375,3,mfj,0.001459339,0.0,2665.0
102945.6640625,2,mfj,0.0054432764,0.0,2115.0
201671.640625,2,mfj,0.0051795235,0.0,2115.0
88600.93359375,5,mfj,0.2654465,0.0,3765.0
6113.45849609375,1,single,0.0038908783,1565.0,1565.0
20339.630859375,1,single,0.001217774,1565.0,1565.0
28874.734375,1,single,0.0011235385,485.05312499999997,1565.0
276553.0,1,single,0.04619505,0.0,1565.0
296988.16796875,6,mfj,0.0005499979,0.0,4315.0
608712.0,1,single,35.77907,0.0,1565.0
113715.9375,2,mfj,0.00059468276,0.0,2115.0
21636.408203125,1,single,0.02398499,1565.0,1565.0
70497.546875,1,single,0.00037903016,0.0,1565.0
163190.44140625,4,single,0.00030252498,0.0,3215.0
53110.720703125,3,mfj,0.06719006,37.855859374999994,2665.0
257705.328125,3,mfj,0.04388445,0.0,2665.0
35949.15625,1,single,0.0016437059,0.0,1565.0
30405.173828125,3,mfj,0.000833713,2665.0,2665.0
48918.74609375,2,mfj,0.0007565998,0.0,2115.0
37209.59765625,3,mfj,0.00576942,2665.0,2665.0
260349.3125,2,mfj,0.062129483,0.0,2115.0
55504.97265625,1,single,0.00021352804,0.0,1565.0
45727.046875,1,single,8.337249e-05,0.0,1565.0
60770.328125,2,mfj,0.0075963144,0.0,2115.0
85012.5224609375,4,mfj,0.0005710642,0.0,3215.0
706891.109375,3,mfj,0.0058518536,0.0,2665.0
87497.390625,3,mfj,0.0024257088,0.0,2665.0
42347.1484375,4,mfj,0.0002819782,3215.0,3215.0
131343.0736694336,5,single,0.0010970385,0.0,3765.0
183152.3828125,5,single,0.00030427816,0.0,3765.0
23193.40625,2,mfj,0.007173993,2115.0,2115.0
35739.015625,4,mfj,0.0010013153,3215.0,3215.0
61815.541015625,2,mfj,8.410596e-05,0.0,2115.0
108996.890625,2,single,0.0028018015,0.0,2115.0
125021.328125,3,mfj,0.0049146637,0.0,2665.0
202772.703125,4,mfj,0.0065565812,0.0,3215.0
253280.859375,5,mfj,2.580927,0.0,3765.0
466861.25,2,mfj,0.065354854,0.0,2115.0
186882.70684814453,6,mfj,0.2866644,0.0,4315.0
66220.001953125,3,mfj,0.0012986247,0.0,2665.0
392323.50048828125,6,mfj,0.008178788,0.0,4315.0
83634.1015625,2,mfj,0.011720001,0.0,2115.0
198588.1640625,4,single,0.007851516,0.0,3215.0
183821.09375,2,mfj,0.000263262,0.0,2115.0
98976.5703125,3,single,0.00066097133,0.0,2665.0
66467.9921875,4,single,0.0028686472,0.0,3215.0
164955.92919921875,4,single,0.00060521683,0.0,3215.0
40965.8046875,2,mfj,8.378073e-05,266.8390625,2115.0
65295.7578125,3,mfj,0.00321372,0.0,2665.0
188025.234375,2,mfj,0.007714663,0.0,2115.0
52395.07421875,1,single,0.0023007966,0.0,1565.0
6393497.0,3,mfj,13.056991,0.0,2665.0
136434.28125,4,mfj,0.005594965,0.0,3215.0
164598.125,2,mfj,0.000446048,0.0,2115.0
197463.390625,3,mfj,0.02221112,0.0,2665.0
35849.79296875,2,single,0.00059793703,1290.04140625,2115.0
142641.03125,2,mfj,0.0021324286,0.0,2115.0
64772.29296875,2,mfj,0.019002354,0.0,2115.0
208066.8125,3,mfj,0.01368454,0.0,2665.0
23989.60546875,1,single,0.00067872537,1462.07890625,1565.0
126075.953125,2,mfj,0.00017513236,0.0,2115.0
21128.333984375,2,mfj,0.001407911,2115.0,2115.0
364730.3125,2,mfj,210.02219,0.0,2115.0
82123.546875,3,mfj,0.0015826402,0.0,2665.0
181625.28125,4,mfj,0.044046458,0.0,3215.0
32960.3125,4,mfj,0.005893137,3215.0,3215.0
217473.609375,2,mfj,1.5018499,0.0,2115.0
0.0,1,single,0.00018364236,1565.0,1565.0
65840.65625,1,single,0.0022083137,0.0,1565.0
2213.53515625,2,mfj,0.00013833666,2115.0,2115.0
81550.3984375,4,mfj,0.023890754,0.0,3215.0
71147.8203125,2,mfj,0.00021517776,0.0,2115.0
98760.17578125,5,mfj,0.00464507,0.0,3765.0
83252.77783203125,3,mfj,0.012027052,0.0,2665.0
164692.578125,2,mfj,0.0013714287,0.0,2115.0
90491.859375,1,single,0.0013905822,0.0,1565.0
7136.0751953125,4,single,0.0047684363,3215.0,3215.0
144324.390625,1,single,0.0018147114,0.0,1565.0
43447.64453125,2,mfj,0.00023009804,0.0,2115.0
36583.078125,1,single,0.0043033077,0.0,1565.0
137995.072265625,3,mfj,0.015092368,0.0,2665.0
94317.765625,1,single,0.00023767978,0.0,1565.0
79865.7431640625,4,mfj,1316.8234,0.0,3215.0
136240.625,4,mfj,0.0047508585,0.0,3215.0
7538.240234375,2,mfj,0.0009567747,2115.0,2115.0
87895.8828125,1,single,8.009329e-05,0.0,1565.0
0.0,1,single,0.00028364628,1565.0,1565.0
18248.990234375,1,single,0.006433101,1565.0,1565.0
0.0,1,single,1.3944826e-06,1565.0,1565.0
8748.7744140625,1,single,0.00080527633,1565.0,1565.0
44990.3046875,1,single,0.002335443,0.0,1565.0
71845.375,3,mfj,0.00030991237,0.0,2665.0
1011.038330078125,2,mfj,0.00016163402,2115.0,2115.0
59915.796875,2,mfj,0.0009716469,0.0,2115.0
97853.765625,6,single,0.0029211803,0.0,4315.0
302540.2392578125,6,mfj,0.009161145,0.0,4315.0
0.0,1,single,0.0048270095,1565.0,1565.0
141118.4140625,3,mfj,0.009760482,0.0,2665.0
137684.4375,2,mfj,0.083211586,0.0,2115.0
269656.732421875,5,mfj,0.0072043627,0.0,3765.0
88631.5,3,mfj,0.00023874709,0.0,2665.0
24906.69921875,1,single,0.02094936,1278.66015625,1565.0
29639.80078125,2,mfj,0.020865127,2115.0,2115.0
3163.50341796875,2,mfj,0.00041150572,2115.0,2115.0
229058.240234375,6,mfj,0.041127037,0.0,4315.0
147446.92260742188,6,mfj,0.020773968,0.0,4315.0
63864.86523437499,4,single,0.55210996,87.02695312500146,3215.0
380739.3125,6,single,179.51947,0.0,4315.0
61447.19921875,3,single,0.008193009,0.0,2665.0
75441.78125,3,mfj,13.029549,0.0,2665.0
19468.099609375,2,single,5.1522224e-05,2115.0,2115.0
26321.453125,1,single,0.015280328,995.709375,1565.0
62889.021484375,3,mfj,0.0012334415,0.0,2665.0
271939.84375,5,mfj,0.00050774065,0.0,3765.0
96585.671875,2,mfj,0.0037161903,0.0,2115.0
261361.359375,3,mfj,0.0003657373,0.0,2665.0
26448.8251953125,2,mfj,0.8741954,2115.0,2115.0
183384.52929687497,6,single,0.0036332808,0.0,4315.0
161819.9921875,3,mfj,4.1420694e-06,0.0,2665.0
68138.3525390625,2,mfj,5.6298813e-05,0.0,2115.0
85999.78125,4,single,0.0009876572,0.0,3215.0
9639.083740234375,5,single,0.007241788,3765.0,3765.0
